"id","created_at","user_id","product_id","discount","quantity"
10,2020-01-17 01:44:37,1,6,,2
17,2020-02-06 12:14:36,3,48,,1
18,2020-04-10 23:29:46,3,12,,2
57,2020-02-05 03:28:52,10,42,,1
74,2020-02-20 00:36:30,12,154,1.85,1
98,2020-04-06 00:45:35,17,26,,3
104,2020-02-15 18:57:49,17,23,,2
111,2020-04-19 08:27:25,17,56,,3
119,2020-03-26 23:06:05,18,198,,1
131,2020-02-05 22:42:57,20,39,,6
134,2020-02-28 13:48:53,20,87,,1
149,2020-01-25 19:05:08,22,199,,2
156,2020-03-12 01:55:46,23,189,,1
161,2020-04-04 04:31:57,24,29,3.19,2
171,2020-04-01 17:48:42,29,58,3.08,3
172,2020-02-17 12:53:40,29,152,,2
174,2020-04-09 12:03:00,29,190,3.08,3
182,2020-03-25 23:01:34,32,176,,1
214,2020-02-10 20:43:35,37,86,,1
221,2020-02-18 08:30:53,37,129,,1
230,2020-01-29 03:39:20,39,4,,2
235,2020-01-03 04:15:50,39,3,,1
295,2020-03-01 11:17:08,45,188,,1
308,2020-03-16 16:04:04,48,115,,1
318,2020-03-27 21:21:24,48,43,,1
336,2020-02-26 07:08:23,49,112,,2
367,2020-01-23 18:15:23,54,86,,2
370,2020-02-02 09:51:16,54,41,,1
371,2020-01-30 09:48:17,54,168,,1
373,2020-01-21 16:40:45,54,37,,2
383,2020-02-04 14:58:02,56,10,,2
386,2020-01-06 17:59:58,56,11,,3
393,2020-02-06 00:28:38,57,39,,1
399,2020-04-08 13:59:25,57,24,,4
406,2020-03-29 05:09:14,57,135,,1
409,2020-03-23 15:17:05,57,108,6.42,1
412,2020-03-18 10:48:58,57,17,,1
415,2020-02-21 21:43:22,58,29,,2
417,2020-04-13 13:39:43,58,26,,3
418,2020-02-14 10:12:57,58,134,,2
428,2020-03-05 00:55:12,59,199,,1
442,2020-01-17 10:55:52,60,166,,1
450,2020-03-18 07:55:32,63,190,,1
452,2020-04-09 12:19:46,63,69,,2
454,2020-03-04 07:20:42,63,72,,1
460,2020-03-19 05:27:41,63,109,,1
464,2020-01-13 21:58:59,63,183,,1
476,2020-03-24 20:24:47,65,86,,1
489,2020-04-13 22:31:06,65,181,,33
503,2020-03-28 21:52:21,65,62,5.09,1
512,2020-02-17 03:42:15,66,24,,1
531,2020-02-11 19:58:51,68,125,,2
532,2020-03-12 15:37:38,68,169,,1
544,2020-01-07 21:42:56,69,162,,2
560,2020-03-18 11:59:40,70,127,,1
565,2020-02-10 14:46:52,70,31,,2
574,2020-01-05 15:45:46,72,200,,2
579,2020-03-22 18:46:46,72,107,,1
581,2020-02-26 19:26:56,72,149,,1
615,2020-03-31 23:28:11,74,158,,1
619,2020-02-16 18:48:51,74,135,,2
621,2020-03-23 12:17:04,74,122,6.44,1
625,2020-04-02 00:36:55,74,62,,2
635,2020-01-02 03:22:14,77,128,,3
638,2020-01-13 15:40:07,80,128,,2
641,2020-02-15 21:28:02,80,163,,2
650,2020-01-18 16:50:31,80,121,,1
660,2020-01-28 06:54:53,84,84,,1
667,2020-02-12 23:59:13,85,177,,2
669,2020-02-01 03:24:47,85,96,,1
670,2020-02-15 06:22:16,85,90,,2
694,2020-01-21 16:42:03,87,96,6.57,2
695,2020-04-07 23:19:52,87,73,,2
698,2020-01-06 06:00:54,87,99,,2
709,2020-02-04 00:31:15,87,37,,1
719,2020-04-15 02:21:17,91,28,,4
729,2020-03-26 14:02:15,92,119,,1
736,2020-01-07 01:22:38,95,185,,1
743,2020-03-22 11:16:30,95,12,,1
769,2020-04-08 08:32:59,100,89,,2
776,2020-04-07 19:09:58,101,28,1.77,2
777,2020-01-26 18:10:03,101,86,,1
780,2020-01-02 10:50:18,101,10,,2
782,2020-04-14 22:36:52,101,106,,2
785,2020-04-01 21:19:15,101,162,,4
790,2020-01-03 09:26:46,105,33,,2
793,2020-03-10 10:11:54,107,53,7.22,1
801,2020-03-04 00:38:42,108,107,7.99,1
815,2020-03-28 09:32:50,111,174,,1
831,2020-03-13 17:46:25,112,13,,1
841,2020-03-05 10:25:35,113,51,2.09,1
845,2020-01-21 16:44:34,113,68,,2
894,2020-03-29 13:11:40,122,60,,1
909,2020-03-10 21:41:25,124,64,,1
916,2020-04-02 14:49:11,125,47,3.41,2
925,2020-01-29 06:24:42,128,119,,1
937,2020-04-05 03:02:38,129,88,,3
946,2020-03-07 06:51:17,130,193,,1
953,2020-01-14 17:04:37,132,137,,1
954,2020-03-24 20:26:56,132,124,,1
955,2020-01-11 17:04:04,132,197,,2
963,2020-01-20 17:08:00,136,182,,2
965,2020-01-05 01:45:59,136,57,,2
966,2020-03-07 12:18:11,136,152,,1
969,2020-03-29 02:55:56,136,147,,0
980,2020-03-20 08:06:43,138,95,,1
984,2020-03-08 13:28:05,138,169,,1
998,2020-01-07 23:55:38,139,149,,1
1008,2020-04-13 18:04:43,140,13,,3
1016,2020-01-03 04:16:08,141,86,,2
1021,2020-01-16 08:44:21,141,93,,2
1023,2020-01-21 00:38:25,141,200,6.53,1
1028,2020-02-22 18:08:54,142,119,5.19,2
1029,2020-01-15 05:37:26,142,3,,3
1031,2020-02-22 00:51:08,142,108,,2
1033,2020-03-07 18:05:33,142,197,,1
1044,2020-02-10 15:12:48,147,68,,2
1051,2020-02-20 01:10:10,148,163,3.13,2
1052,2020-04-03 22:04:49,148,26,,4
1055,2020-03-23 18:51:37,148,67,,1
1085,2020-02-13 07:25:18,150,139,,2
1089,2020-01-15 15:48:00,150,195,8.44,2
1103,2020-04-18 02:45:50,150,129,,3
1109,2020-01-14 12:33:28,151,16,,2
1145,2020-03-28 14:10:43,153,83,,1
1147,2020-01-24 23:38:30,153,24,,2
1154,2020-02-27 11:59:06,153,193,,2
1158,2020-02-02 19:52:49,153,83,,2
1160,2020-02-23 11:23:27,154,94,,1
1168,2020-01-05 15:40:26,154,189,,2
1193,2020-02-19 03:30:57,155,26,,1
1226,2020-03-30 19:51:34,156,81,,1
1228,2020-01-18 01:19:58,156,177,,2
1233,2020-01-05 00:32:54,158,19,,2
1234,2020-04-02 14:05:23,158,36,,3
1280,2020-03-25 19:21:17,169,14,,0
1285,2020-02-07 22:44:48,169,145,,1
1293,2020-02-17 18:43:55,170,98,4.08,2
1314,2020-04-01 01:41:04,173,145,,3
1340,2020-01-26 21:56:47,177,45,,2
1347,2020-02-20 11:54:19,179,188,,1
1348,2020-01-17 19:25:57,179,69,,2
1352,2020-03-14 13:06:15,179,116,,1
1357,2020-01-17 15:05:21,179,73,,16
1365,2020-03-10 23:05:30,183,86,,1
1374,2020-04-09 10:12:22,183,46,,2
1383,2020-02-21 15:05:02,186,112,,2
1387,2020-03-24 20:16:15,187,74,,1
1398,2020-02-27 05:48:44,198,71,,1
1403,2020-01-01 16:25:57,198,162,,2
1405,2020-02-29 07:13:04,198,37,,1
1416,2020-01-31 07:57:02,200,141,,2
1423,2020-01-12 01:25:34,201,54,,1
1432,2020-03-03 17:42:55,203,177,,1
1435,2020-01-15 00:55:48,204,171,,2
1443,2020-01-03 16:47:48,205,70,,1
1456,2020-01-01 13:59:20,208,66,,3
1465,2020-01-02 15:54:01,208,42,7.17,2
1467,2020-01-28 06:14:04,208,77,,3
1468,2020-03-22 14:41:05,208,33,,1
1469,2020-03-16 04:45:34,208,76,,1
1487,2020-03-12 05:43:13,213,107,,1
1492,2020-03-14 18:48:41,213,18,,1
1495,2020-01-29 23:32:51,215,11,3.13,2
1496,2020-04-03 13:03:44,215,86,,2
1499,2020-02-27 02:21:13,215,62,,2
1508,2020-04-19 14:07:15,216,28,,2
1513,2020-01-07 06:04:24,216,49,,1
1516,2020-03-17 06:50:01,216,117,7.71,1
1520,2020-01-26 05:04:17,217,75,,2
1549,2020-01-10 08:40:14,222,84,,2
1550,2020-02-08 14:58:15,222,57,,11
1551,2020-01-14 03:46:55,222,150,6.46,1
1563,2020-02-29 03:20:24,223,20,,1
1571,2020-03-26 02:09:55,223,124,,1
1584,2020-02-01 23:29:57,225,113,,2
1587,2020-04-10 01:08:04,225,79,,3
1593,2020-03-26 11:11:21,226,175,,1
1595,2020-03-11 00:38:40,226,119,,0
1597,2020-02-28 16:20:37,226,196,,1
1649,2020-02-04 22:49:38,233,8,,2
1658,2020-02-28 06:15:45,234,149,2.91,2
1667,2020-03-27 05:06:24,234,187,,1
1681,2020-02-14 18:55:03,235,129,,2
1688,2020-03-30 21:58:39,236,28,,1
1692,2020-03-22 00:47:24,236,77,,1
1698,2020-03-01 11:18:39,236,172,,1
1704,2020-01-10 12:53:33,239,148,,2
1708,2020-04-06 19:42:17,240,66,7.27,2
1715,2020-01-13 18:49:12,240,143,,2
1718,2020-03-30 17:56:20,240,32,,8
1722,2020-02-08 16:35:18,243,16,,1
1723,2020-03-04 16:16:16,243,67,,1
1727,2020-02-21 03:08:49,243,27,,2
1728,2020-02-16 02:04:28,243,148,,2
1739,2020-02-15 06:47:12,244,19,,1
1747,2020-01-23 12:59:58,245,192,,1
1756,2020-02-03 01:55:18,245,59,,2
1762,2020-01-30 14:34:09,246,63,,1
1763,2020-02-21 06:24:21,246,8,,1
1764,2020-03-17 23:26:42,246,154,,1
1772,2020-03-18 19:53:42,246,134,,1
1773,2020-01-27 10:41:45,246,114,,2
1777,2020-03-23 00:10:43,250,195,,1
1783,2020-02-10 02:24:02,251,189,,2
1785,2020-02-02 06:55:50,251,59,,2
1824,2020-01-08 09:24:35,259,185,,3
1827,2020-01-14 21:46:11,260,136,,2
1840,2020-01-07 15:11:40,261,171,,2
1853,2020-03-09 00:02:12,261,142,,1
1855,2020-01-19 11:30:33,261,54,,3
1856,2020-01-09 15:44:54,261,46,,2
1864,2020-03-13 15:12:39,265,8,,1
1865,2020-01-26 11:51:52,265,31,,3
1873,2020-01-10 01:04:18,265,165,,2
1878,2020-01-15 14:33:03,265,124,,2
1882,2020-04-06 22:34:59,266,41,1.64,3
1883,2020-02-24 16:19:55,266,32,6.14,2
1885,2020-03-22 01:18:14,266,188,,1
1897,2020-03-12 06:25:25,269,184,,1
1899,2020-03-28 16:07:07,269,196,8.19,1
1905,2020-03-02 07:39:51,269,115,,1
1914,2020-01-27 01:15:41,269,107,,2
1924,2020-01-25 20:36:42,271,107,,2
1935,2020-02-02 15:47:14,271,147,,1
1950,2020-02-17 01:09:00,272,58,,1
1951,2020-02-05 19:21:32,272,64,,2
1957,2020-01-13 23:46:08,272,60,2.96,2
1959,2020-01-21 16:59:44,272,39,7.46,2
1963,2020-04-03 01:44:42,274,101,,2
1972,2020-04-16 12:47:08,275,8,2.22,3
1976,2020-02-02 18:31:05,275,62,,1
1989,2020-03-09 05:44:58,276,67,,1
2025,2020-02-03 04:14:34,279,145,,1
2027,2020-03-30 23:24:48,282,175,2.44,1
2031,2020-01-14 01:33:25,282,154,,2
2034,2020-01-27 05:57:03,282,62,,2
2042,2020-01-13 12:51:18,285,149,,2
2071,2020-01-05 18:42:36,289,161,,1
2079,2020-01-13 06:11:38,290,172,,2
2105,2020-03-04 03:13:20,296,135,,1
2112,2020-02-11 03:16:59,296,119,,1
2121,2020-03-06 10:07:26,300,115,,1
2131,2020-03-08 07:39:23,300,87,,1
2140,2020-01-20 15:36:35,303,100,,2
2142,2020-01-29 20:31:21,303,178,,1
2152,2020-03-25 01:01:37,303,120,,1
2158,2020-03-10 08:04:24,304,43,5.13,1
2160,2020-01-23 03:40:25,304,65,,1
2175,2020-02-02 16:21:12,305,110,,1
2176,2020-03-02 10:45:03,305,29,,1
2192,2020-01-03 04:37:25,306,41,,2
2201,2020-03-27 16:55:12,307,94,,1
2225,2020-02-09 09:27:51,310,179,3.92,1
2228,2020-02-22 23:01:51,311,137,,2
2238,2020-04-18 21:57:09,311,107,,3
2245,2020-02-26 15:36:18,312,124,,2
2248,2020-04-11 01:32:30,313,161,,3
2251,2020-02-27 10:25:02,313,67,,2
2257,2020-04-07 20:29:25,313,72,,2
2264,2020-03-12 23:51:04,313,37,,1
2268,2020-04-05 10:08:53,313,27,,2
2283,2020-02-03 16:33:28,317,190,,1
2285,2020-02-15 01:18:36,318,21,7.01,1
2289,2020-01-19 06:41:38,318,23,,1
2296,2020-04-13 05:06:51,318,81,,3
2307,2020-01-13 11:01:33,322,62,,2
2311,2020-01-27 04:58:26,322,7,,2
2354,2020-02-24 19:03:16,328,63,,1
2357,2020-03-24 14:00:59,328,49,,1
2373,2020-04-02 06:47:51,329,81,,2
2391,2020-03-21 19:23:39,331,192,,1
2398,2020-02-29 05:05:54,332,12,,2
2413,2020-01-06 17:14:36,334,137,,2
2414,2020-04-01 07:59:09,334,37,,3
2415,2020-04-09 09:19:20,336,30,8.00,2
2416,2020-04-02 16:15:49,336,175,,2
2418,2020-01-07 05:16:23,336,2,,2
2423,2020-03-26 03:42:36,336,136,,1
2441,2020-01-30 02:24:45,338,108,2.89,2
2451,2020-01-16 18:13:28,338,32,,2
2460,2020-04-17 00:11:49,338,99,,3
2467,2020-03-29 20:54:55,342,147,,1
2474,2020-04-07 12:27:53,342,156,,3
2481,2020-02-01 10:53:00,342,30,,1
2482,2020-01-23 09:25:20,344,67,,2
2497,2020-01-02 18:19:12,345,104,,2
2506,2020-01-09 08:13:16,347,65,,2
2522,2020-01-16 07:56:47,348,87,,1
2533,2020-04-11 03:14:25,350,101,,3
2534,2020-04-01 15:13:52,350,135,,2
2546,2020-01-21 14:08:10,351,181,,2
2576,2020-04-10 11:18:02,354,157,5.48,2
2577,2020-03-08 03:44:02,354,133,,1
2578,2020-02-09 18:58:49,354,154,,1
2581,2020-01-01 01:38:03,355,67,,2
2587,2020-01-28 04:13:38,356,177,,1
2594,2020-01-20 20:41:36,356,195,,1
2618,2020-02-22 22:58:19,359,140,,1
2621,2020-04-16 08:43:19,360,165,,3
2623,2020-01-03 03:16:21,361,18,,1
2634,2020-04-06 02:52:22,361,174,,2
2678,2020-04-16 15:40:30,375,175,,3
2692,2020-02-19 00:13:15,376,9,,1
2696,2020-03-21 09:19:15,376,5,,1
2698,2020-02-14 07:09:05,376,61,,1
2699,2020-03-12 23:36:14,376,164,,1
2705,2020-03-13 01:59:52,376,67,,1
2712,2020-03-29 05:38:30,376,151,6.85,1
2713,2020-01-17 07:36:41,376,120,,2
2731,2020-01-31 17:37:26,379,137,,2
2751,2020-02-08 17:24:14,386,193,,2
2757,2020-02-12 23:14:59,388,79,3.04,2
2760,2020-02-07 18:57:27,389,19,,1
2765,2020-02-08 22:29:53,389,141,,1
2769,2020-01-26 09:36:55,390,40,,2
2776,2020-04-10 13:05:29,391,94,,4
2784,2020-03-31 09:13:59,391,96,5.43,1
2787,2020-04-09 22:32:02,391,58,,4
2789,2020-01-08 03:35:14,391,142,,3
2809,2020-02-23 06:03:05,398,157,,1
2813,2020-02-16 03:57:04,399,50,7.00,1
2818,2020-03-14 14:19:23,399,191,2.50,1
2822,2020-04-03 17:25:09,399,160,,3
2826,2020-01-27 06:16:52,399,98,,2
2849,2020-03-14 17:05:23,403,27,,1
2850,2020-03-28 12:03:39,403,29,,1
2857,2020-02-15 23:22:07,403,133,,1
2866,2020-04-07 02:10:42,404,75,,2
2874,2020-03-10 05:24:59,406,34,,1
2875,2020-02-16 02:00:37,406,48,,2
2881,2020-03-12 16:25:18,407,71,,1
2893,2020-02-08 17:20:29,407,5,,1
2905,2020-01-19 05:17:45,411,8,,2
2906,2020-02-14 13:45:26,411,162,,1
2914,2020-03-29 23:33:15,411,35,,1
2925,2020-02-15 19:42:57,412,191,,1
2938,2020-04-03 15:17:33,412,48,,3
2945,2020-01-17 22:49:31,413,71,,2
2954,2020-02-06 23:16:09,413,197,,2
2957,2020-04-04 05:12:56,413,139,,2
2966,2020-02-04 04:45:25,417,13,,1
2973,2020-04-11 18:01:28,417,71,,3
2999,2020-01-20 07:04:13,420,185,,2
3001,2020-01-17 16:02:28,421,106,,2
3005,2020-01-05 06:34:33,423,137,,2
3010,2020-03-23 02:24:01,423,106,,1
3016,2020-02-15 05:39:58,425,97,,2
3025,2020-03-01 16:44:38,432,83,,1
3027,2020-03-15 16:26:41,432,195,7.14,1
3041,2020-02-20 19:07:30,436,179,,2
3046,2020-01-26 13:56:53,436,46,,2
3054,2020-03-26 20:54:56,439,140,,1
3055,2020-01-12 18:08:34,439,191,,2
3058,2020-04-05 21:39:51,439,160,,4
3070,2020-04-07 04:03:34,441,47,,3
3073,2020-01-12 03:26:57,441,188,2.60,2
3086,2020-02-28 06:56:57,441,18,,1
3088,2020-04-02 05:11:06,441,35,,3
3098,2020-01-31 07:24:13,443,166,,2
3118,2020-01-01 22:38:47,444,13,,1
3122,2020-03-26 07:24:15,446,88,,1
3131,2020-01-16 22:13:40,447,169,,3
3161,2020-01-08 16:41:23,449,118,,2
3165,2020-03-09 02:08:23,449,130,6.06,1
3183,2020-02-14 20:30:11,452,39,7.50,1
3186,2020-03-29 18:47:24,452,54,,1
3201,2020-02-27 01:04:12,453,14,,1
3216,2020-01-28 11:51:00,454,178,,2
3235,2020-04-17 22:57:42,458,194,,2
3239,2020-03-15 10:17:41,458,93,,1
3249,2020-03-16 20:08:54,459,52,,1
3257,2020-04-07 14:00:04,459,86,,2
3258,2020-04-13 16:58:21,459,136,,1
3264,2020-03-31 20:48:56,461,128,,0
3271,2020-02-06 02:27:41,461,179,,2
3284,2020-01-03 18:24:48,466,134,,2
3296,2020-03-31 08:39:46,468,107,,1
3297,2020-03-06 20:11:19,468,102,,1
3312,2020-03-15 18:37:29,470,83,,1
3323,2020-01-26 03:36:47,472,117,,2
3326,2020-01-29 21:07:59,472,149,,2
3327,2020-01-08 13:00:47,472,97,,2
3331,2020-02-24 04:31:24,476,10,8.84,2
3339,2020-01-22 05:36:19,476,130,,2
3342,2020-03-10 14:21:34,481,123,,1
3357,2020-01-31 06:49:38,482,153,,2
3363,2020-02-03 13:15:13,483,38,,1
3390,2020-02-05 19:40:28,485,23,,2
3413,2020-03-05 21:39:35,488,161,,1
3420,2020-04-15 01:33:58,488,116,6.58,2
3423,2020-04-09 06:36:43,489,22,2.08,2
3435,2020-04-16 05:06:57,490,149,,2
3442,2020-02-09 14:57:05,490,91,,1
3458,2020-01-15 05:25:32,493,86,,2
3460,2020-04-01 19:44:22,493,151,,3
3464,2020-03-06 15:31:39,493,141,,1
3467,2020-02-14 05:21:19,493,81,,1
3481,2020-01-21 21:51:12,497,166,,1
3484,2020-03-13 22:57:13,497,141,,1
3514,2020-01-31 00:17:46,500,123,,2
3534,2020-02-21 04:37:07,503,195,,2
3539,2020-01-23 21:28:28,503,89,,2
3543,2020-01-10 23:37:52,503,181,,2
3553,2020-03-08 08:09:00,504,7,2.60,1
3555,2020-03-16 15:26:27,504,132,,1
3559,2020-04-16 23:11:32,504,156,,2
3562,2020-03-26 14:54:27,504,123,,1
3568,2020-02-20 20:34:02,507,186,,2
3573,2020-03-02 09:33:15,508,170,,1
3578,2020-01-14 06:55:46,508,121,,2
3591,2020-04-01 10:13:04,509,153,,3
3610,2020-03-18 21:50:34,511,119,,1
3612,2020-04-04 08:19:32,511,124,7.66,4
3635,2020-01-11 17:54:41,513,76,,2
3638,2020-02-20 11:47:35,513,191,7.13,1
3659,2020-04-12 14:41:01,519,125,,3
3673,2020-01-18 16:39:45,520,31,2.06,2
3675,2020-01-06 16:34:13,520,144,,1
3689,2020-04-17 08:05:00,521,56,3.77,3
3703,2020-03-14 09:29:51,522,49,,1
3705,2020-02-12 02:53:47,522,98,,2
3706,2020-03-25 11:19:16,522,58,,1
3712,2020-01-16 06:39:08,525,91,,1
3722,2020-03-02 07:23:56,526,89,,1
3732,2020-01-29 00:48:55,526,153,,3
3735,2020-02-07 19:12:23,527,23,,1
3744,2020-01-29 11:32:19,527,37,,3
3767,2020-03-25 12:22:42,531,1,,1
3783,2020-02-28 05:38:15,531,71,,2
3793,2020-01-22 20:38:04,535,144,,2
3803,2020-02-22 18:30:29,536,132,,2
3825,2020-02-10 05:06:39,537,160,,1
3832,2020-02-24 13:28:59,538,139,,2
3837,2020-04-18 11:38:11,538,198,,2
3840,2020-04-13 18:46:17,538,17,,2
3841,2020-01-15 12:55:39,538,124,,1
3843,2020-04-18 19:02:16,538,149,,2
3850,2020-04-11 13:07:54,540,19,,2
3857,2020-02-05 21:25:18,540,120,,2
3859,2020-01-11 23:25:17,542,172,,2
3878,2020-01-29 16:08:14,544,170,,1
3883,2020-04-05 03:07:40,544,158,,3
3886,2020-01-22 10:32:02,544,3,,2
3890,2020-02-12 03:33:00,544,195,,2
3912,2020-04-10 19:07:31,549,20,,2
3924,2020-02-28 20:10:21,550,109,,2
3955,2020-03-28 16:42:16,552,45,,1
3958,2020-03-27 17:48:15,554,88,,1
3960,2020-01-18 12:28:25,554,6,,1
3961,2020-03-19 01:28:18,554,17,,0
3976,2020-02-04 14:59:49,555,147,,1
3994,2020-04-05 09:17:05,557,71,,3
4006,2020-04-16 03:48:00,558,178,,3
4014,2020-02-10 01:40:25,558,48,,2
4018,2020-04-04 09:34:15,558,165,,2
4040,2020-01-06 07:26:44,561,46,,2
4042,2020-02-01 14:31:20,561,151,,1
4046,2020-04-17 05:59:24,561,157,,4
4047,2020-02-15 03:53:36,561,123,,2
4052,2020-04-02 06:24:16,561,59,,2
4060,2020-04-04 22:46:28,564,25,,2
4061,2020-03-29 12:37:18,564,47,,1
4072,2020-01-31 17:51:09,564,190,,1
4091,2020-04-09 08:19:27,566,61,,3
4092,2020-03-05 21:11:25,566,106,,1
4098,2020-04-08 21:33:16,567,32,,3
4127,2020-01-16 20:16:11,571,134,,3
4143,2020-01-07 15:37:26,574,133,,2
4148,2020-04-19 08:43:42,576,130,,2
4154,2020-01-16 18:11:17,576,94,,2
4156,2020-02-04 01:58:03,577,119,,1
4157,2020-03-11 09:58:26,577,2,,1
4180,2020-01-04 22:14:19,578,5,,2
4184,2020-03-28 08:36:30,578,13,,1
4201,2020-01-02 13:02:21,581,190,,2
4205,2020-02-13 19:28:10,581,73,,1
4216,2020-02-11 12:17:35,583,85,,1
4231,2020-03-30 13:22:16,587,186,,1
4247,2020-01-30 23:14:22,589,37,,3
4259,2020-03-12 15:56:33,591,135,,1
4285,2020-04-11 09:59:12,597,134,,2
4291,2020-01-06 12:53:51,602,95,,2
4310,2020-04-06 12:22:58,604,42,,3
4328,2020-02-04 23:14:17,605,137,,2
4331,2020-01-13 14:14:07,605,113,,2
4354,2020-02-19 06:02:52,607,49,,1
4373,2020-01-27 03:23:22,609,34,,2
4377,2020-01-28 01:52:47,609,125,7.20,2
4380,2020-04-09 02:03:11,609,7,,3
4381,2020-03-30 21:51:35,609,60,,1
4394,2020-02-06 06:30:50,611,165,,1
4404,2020-02-13 14:19:38,613,133,,1
4407,2020-02-01 07:03:41,613,7,,1
4458,2020-01-11 07:06:16,617,66,,1
4462,2020-04-11 13:58:48,620,128,,2
4472,2020-03-25 12:58:43,620,169,2.81,1
4475,2020-02-27 17:00:33,620,190,,2
4487,2020-03-13 15:54:05,622,22,,1
4488,2020-01-28 17:22:18,622,120,,1
4501,2020-03-17 07:05:29,624,98,,1
4523,2020-04-18 13:50:09,627,173,,3
4537,2020-01-19 03:29:54,630,23,5.62,1
4576,2020-02-24 06:27:36,637,195,,1
4585,2020-03-20 02:27:41,638,151,,1
4592,2020-04-02 11:55:51,641,43,,2
4606,2020-03-05 04:52:35,642,120,,1
4607,2020-02-16 19:35:06,642,4,,2
4608,2020-01-22 11:16:19,642,185,,2
4621,2020-01-16 12:35:15,643,94,,2
4643,2020-01-20 10:12:50,644,158,,2
4662,2020-02-23 04:18:19,644,147,,2
4665,2020-04-10 03:18:14,644,44,8.15,3
4670,2020-02-08 01:04:57,646,29,,2
4679,2020-01-12 08:27:45,646,78,,1
4701,2020-02-07 03:49:09,650,144,,1
4703,2020-03-06 11:15:04,650,200,1.76,1
4705,2020-03-16 05:25:20,650,166,,1
4738,2020-02-11 08:50:29,653,50,,2
4756,2020-03-28 14:01:54,654,175,,1
4758,2020-01-14 03:47:15,654,77,9.40,2
4760,2020-01-05 23:27:49,654,66,,2
4776,2020-01-01 12:04:52,656,88,,1
4803,2020-03-14 22:05:57,658,15,,1
4810,2020-02-18 07:54:47,658,50,,2
4818,2020-03-03 20:22:58,659,18,,1
4819,2020-03-08 00:04:56,659,61,,1
4827,2020-02-16 20:00:41,664,88,,2
4851,2020-01-01 01:10:05,665,63,,2
4852,2020-01-18 10:12:04,665,59,6.63,2
4853,2020-03-14 01:13:06,665,154,,1
4860,2020-03-28 10:22:18,665,186,,1
4863,2020-03-03 13:57:04,665,162,,1
4864,2020-01-24 23:12:04,665,129,,2
4866,2020-02-08 02:54:17,665,116,,2
4868,2020-03-06 00:32:42,665,167,,1
4887,2020-01-27 06:37:54,667,16,6.95,1
4906,2020-01-06 07:32:02,670,67,,2
4926,2020-01-16 09:45:03,671,56,,1
4936,2020-04-04 03:10:49,671,53,,4
4954,2020-04-14 05:35:06,673,70,,3
4963,2020-01-01 05:02:41,673,95,,2
4995,2020-02-02 15:49:16,678,49,,1
5029,2020-04-02 13:49:43,681,164,,2
5032,2020-01-18 03:21:43,681,104,,3
5046,2020-04-07 04:34:50,682,87,,3
5054,2020-04-13 01:58:35,683,136,,32
5060,2020-02-22 15:46:28,683,53,,2
5066,2020-02-25 21:30:56,684,132,,1
5070,2020-01-15 04:03:50,684,38,,1
5082,2020-01-25 14:41:33,686,149,,2
5097,2020-04-03 18:01:29,686,178,8.04,4
5098,2020-02-23 05:24:03,687,9,,2
5101,2020-02-16 17:47:59,687,37,,2
5114,2020-02-29 07:03:46,691,131,,2
5118,2020-01-14 09:15:20,691,171,,2
5125,2020-03-29 19:23:36,691,87,,1
5151,2020-03-25 02:20:35,694,132,3.89,1
5156,2020-04-15 09:45:31,697,45,,3
5157,2020-03-03 23:02:44,697,116,,1
5169,2020-04-08 02:25:15,699,172,,2
5170,2020-01-22 17:26:13,699,129,,1
5175,2020-01-31 06:59:51,700,167,,1
5185,2020-02-09 10:28:23,700,197,2.21,1
5188,2020-01-01 08:06:34,700,114,,2
5218,2020-02-29 09:47:38,704,14,,1
5237,2020-04-17 09:53:34,706,91,,2
5243,2020-03-05 03:55:29,706,179,,1
5246,2020-03-20 01:44:40,706,148,,1
5255,2020-01-16 11:47:15,709,32,,2
5256,2020-01-13 00:41:18,709,49,,2
5267,2020-02-27 19:56:18,710,139,,1
5273,2020-04-10 23:45:23,710,59,,2
5276,2020-01-20 13:31:03,710,92,,2
5280,2020-03-11 03:24:42,710,154,,1
5283,2020-03-15 19:28:12,710,188,,1
5287,2020-01-23 06:00:15,710,86,,2
5299,2020-02-09 03:12:13,712,141,,1
5305,2020-03-29 00:03:35,712,129,,1
5325,2020-03-31 06:35:46,713,85,,1
5333,2020-02-15 16:11:13,714,12,,1
5338,2020-04-09 18:36:14,714,197,1.81,2
5342,2020-01-21 16:59:11,714,80,,16
5344,2020-03-17 09:45:59,714,5,,11
5347,2020-03-07 23:06:49,716,56,,1
5349,2020-04-14 13:09:24,718,77,,2
5356,2020-03-31 06:05:00,718,6,,1
5369,2020-04-06 14:24:35,723,163,,30
5386,2020-04-18 09:09:26,724,24,,2
5387,2020-03-14 07:15:49,724,69,,1
5389,2020-03-29 13:34:43,725,59,,1
5402,2020-03-16 11:43:04,728,177,,1
5403,2020-03-01 11:24:11,728,170,,1
5415,2020-03-11 11:43:27,731,49,2.50,1
5424,2020-01-04 06:20:37,736,160,,2
5434,2020-01-09 10:34:11,736,36,,2
5451,2020-04-09 07:14:12,741,65,9.12,3
5452,2020-04-09 16:22:14,741,24,,4
5458,2020-04-02 17:37:22,741,123,,3
5464,2020-03-04 18:48:30,741,62,,1
5474,2020-03-12 18:12:53,744,31,,1
5477,2020-03-16 17:14:45,744,160,,1
5494,2020-04-13 22:39:39,750,108,,3
5502,2020-01-08 17:05:10,754,54,,2
5513,2020-02-24 11:44:35,754,98,,2
5522,2020-01-05 05:09:07,755,9,9.91,2
5528,2020-02-29 05:11:33,756,146,,1
5538,2020-03-05 17:45:18,756,161,,1
5548,2020-02-07 14:04:16,757,37,,2
5549,2020-02-18 23:55:09,757,170,,2
5553,2020-01-11 14:13:17,758,32,9.99,3
5561,2020-02-27 22:26:07,762,169,,2
5594,2020-01-05 06:29:30,768,162,,2
5596,2020-02-29 21:22:43,768,67,,2
5607,2020-01-13 18:10:41,769,75,,2
5610,2020-01-24 07:34:23,769,9,,2
5611,2020-03-19 04:52:09,770,81,,1
5621,2020-03-11 08:32:09,770,103,,1
5640,2020-01-16 18:50:17,773,61,,2
5648,2020-03-06 23:34:35,773,86,,1
5669,2020-01-08 18:15:51,774,115,,2
5675,2020-03-23 09:23:41,774,66,,1
5697,2020-01-06 04:36:23,778,37,,21
5700,2020-03-09 04:32:34,778,2,1.65,1
5710,2020-03-24 19:46:07,780,9,,1
5717,2020-04-06 20:42:25,780,132,,3
5722,2020-01-09 15:28:07,782,126,3.42,2
5748,2020-04-15 11:05:49,784,94,,4
5750,2020-01-13 15:21:32,784,79,,2
5755,2020-03-10 02:37:48,785,3,,1
5758,2020-02-01 21:05:21,785,110,,2
5768,2020-01-18 12:08:35,788,11,,2
5781,2020-03-14 17:15:16,789,98,,1
5782,2020-03-21 19:01:48,789,149,,1
5783,2020-01-31 21:14:05,789,6,,2
5787,2020-01-03 14:47:41,790,133,,2
5810,2020-03-11 03:36:03,791,166,,1
5821,2020-01-26 23:46:46,792,43,4.86,3
5828,2020-03-18 14:47:42,793,99,,1
5858,2020-02-26 01:22:08,794,188,,1
5859,2020-04-12 12:48:22,794,144,,2
5864,2020-02-07 12:19:28,794,74,,2
5865,2020-03-12 06:42:56,794,22,,1
5866,2020-01-24 14:42:46,794,92,,2
5870,2020-03-06 18:00:42,794,22,,1
5889,2020-02-20 18:24:02,797,146,,1
5897,2020-04-14 16:02:37,799,177,,1
5907,2020-01-26 18:56:31,799,91,,1
5916,2020-03-31 07:45:57,799,22,,1
5929,2020-01-06 18:11:34,800,78,,2
5933,2020-03-11 02:32:11,800,81,7.16,1
5937,2020-03-09 05:09:48,800,160,,1
5940,2020-02-06 15:54:10,800,66,,1
5949,2020-04-12 21:35:43,800,132,,2
5951,2020-01-22 08:49:39,800,123,,2
5956,2020-02-07 08:36:15,801,53,,1
5968,2020-01-27 06:44:58,801,97,,2
5975,2020-04-04 02:33:23,801,84,,3
5977,2020-01-27 14:35:41,801,90,,2
5982,2020-02-01 10:19:24,803,137,,2
5985,2020-02-11 21:47:59,803,126,,2
6017,2020-02-18 21:07:00,807,60,,1
6024,2020-03-27 22:40:26,809,173,,1
6029,2020-03-28 22:35:28,813,74,,1
6045,2020-03-25 02:09:50,814,91,,1
6053,2020-04-13 05:50:07,816,166,,2
6060,2020-02-17 20:03:00,816,175,,2
6071,2020-03-27 18:47:38,817,130,,1
6082,2020-03-16 15:59:05,817,150,,1
6087,2020-02-09 08:40:44,818,142,,1
6091,2020-02-26 22:18:07,820,10,,1
6104,2020-03-14 08:05:00,820,9,,1
6128,2020-03-15 08:48:53,822,113,,1
6151,2020-01-04 13:51:22,824,51,,2
6167,2020-03-17 11:25:01,829,70,,1
6197,2020-02-08 00:06:09,832,24,,1
6201,2020-02-06 18:44:00,832,180,,1
6209,2020-02-13 04:29:18,836,125,,2
6212,2020-02-15 14:59:31,837,127,,1
6219,2020-02-06 20:16:13,839,98,,2
6227,2020-02-07 08:46:52,839,18,,1
6241,2020-02-29 10:50:01,841,187,,2
6244,2020-01-07 19:23:19,841,98,,2
6247,2020-01-13 00:43:32,841,38,3.90,2
6251,2020-03-28 12:57:39,841,59,,1
6259,2020-02-19 19:03:03,843,26,,2
6267,2020-01-14 07:43:52,848,142,,2
6270,2020-04-09 03:02:28,848,85,,3
6284,2020-01-19 05:44:20,850,11,5.93,1
6299,2020-02-07 20:52:33,857,14,,2
6301,2020-04-17 22:34:52,857,107,,3
6303,2020-01-20 12:20:01,857,51,3.18,2
6306,2020-03-11 06:39:39,859,91,,1
6311,2020-02-05 08:21:22,859,104,,1
6319,2020-01-05 19:27:19,861,65,,2
6321,2020-03-21 09:01:41,863,132,,1
6341,2020-01-17 04:44:02,864,42,,1
6348,2020-04-01 03:26:49,865,93,,3
6350,2020-02-11 22:03:42,866,20,,2
6357,2020-03-13 09:31:03,868,32,,1
6360,2020-02-08 18:08:58,868,27,,2
6372,2020-01-27 10:05:18,869,42,,2
6381,2020-01-24 07:19:36,871,9,,2
6396,2020-02-15 21:17:12,874,147,,2
6404,2020-01-19 12:31:56,875,136,,2
6423,2020-02-24 09:32:08,881,169,,1
6425,2020-02-04 07:11:24,882,50,,1
6432,2020-04-08 22:36:38,882,155,,2
6440,2020-03-10 13:18:59,882,8,3.73,1
6466,2020-02-25 23:32:25,885,128,,2
6475,2020-01-29 06:32:27,886,11,,3
6491,2020-02-07 08:28:31,886,188,,2
6497,2020-03-04 12:18:35,886,148,,1
6505,2020-03-17 06:48:57,888,119,,1
6506,2020-03-06 10:16:53,888,129,,1
6508,2020-01-09 12:27:28,888,114,,2
6518,2020-03-01 15:12:02,890,35,,1
6552,2020-01-07 10:08:58,893,47,,2
6580,2020-03-06 18:14:42,900,162,,1
6584,2020-01-06 07:03:48,902,173,,1
6585,2020-02-11 16:42:28,902,59,,1
6586,2020-02-24 16:45:26,902,93,,1
6598,2020-02-03 19:31:55,902,37,,2
6614,2020-01-23 22:28:55,905,178,,2
6618,2020-03-05 06:49:18,905,45,,1
6625,2020-01-03 16:43:34,906,56,,1
6628,2020-01-08 13:37:43,906,109,,2
6637,2020-04-17 11:34:30,907,183,,2
6641,2020-02-10 20:51:52,907,140,,2
6673,2020-02-29 23:31:01,910,14,,1
6676,2020-03-09 23:36:47,911,190,,1
6681,2020-01-12 19:05:55,911,49,,2
6706,2020-02-12 10:08:28,913,23,,2
6709,2020-03-20 18:01:43,913,115,,1
6710,2020-01-19 22:55:46,913,113,,2
6729,2020-03-07 04:36:42,915,47,,1
6739,2020-01-17 01:59:23,916,183,,2
6744,2020-01-27 04:49:33,916,157,,2
6750,2020-02-03 00:32:49,916,149,,2
6771,2020-03-14 17:25:39,917,63,,1
6775,2020-01-11 07:07:35,918,121,,2
6784,2020-02-13 06:28:41,918,80,,1
6787,2020-02-10 07:48:27,918,128,,1
6791,2020-03-15 08:47:17,918,169,,1
6800,2020-03-08 12:48:52,918,2,,0
6814,2020-01-15 09:37:16,918,49,,1
6816,2020-01-05 23:34:47,918,98,,1
6824,2020-03-19 11:00:02,919,55,,1
6897,2020-02-12 11:05:37,931,71,,1
6898,2020-03-27 08:44:04,931,103,,1
6901,2020-02-14 07:37:34,931,130,,2
6903,2020-01-27 23:54:58,931,76,,3
6946,2020-01-06 16:28:27,936,98,,2
6951,2020-01-04 12:13:27,936,76,,2
6964,2020-03-26 02:17:40,939,71,,1
6966,2020-02-22 17:48:38,939,165,,2
6967,2020-04-06 01:54:42,939,12,,30
6970,2020-04-02 10:41:11,939,142,,4
6971,2020-02-21 00:21:55,939,140,,2
6973,2020-01-18 05:02:53,940,137,,2
6985,2020-01-28 13:18:13,940,45,,16
6991,2020-02-08 14:11:32,942,42,,1
6994,2020-03-17 20:45:17,942,30,,1
7025,2020-01-16 16:04:23,944,46,,2
7027,2020-02-03 09:19:24,949,23,,2
7032,2020-01-31 09:52:06,949,161,,2
7038,2020-02-19 02:33:38,953,200,,2
7054,2020-02-02 15:53:14,955,146,,2
7055,2020-02-16 22:29:38,957,82,,2
7061,2020-03-30 08:18:40,960,46,,1
7062,2020-04-02 20:28:37,960,135,9.51,3
7067,2020-01-17 06:40:42,961,75,,2
7084,2020-04-14 09:58:08,962,176,,3
7118,2020-03-28 09:05:36,968,87,,1
7145,2020-04-02 17:14:27,969,92,5.89,1
7158,2020-02-10 03:35:51,970,142,,1
7167,2020-02-10 11:15:06,972,44,,1
7181,2020-03-30 09:24:53,975,56,,1
7211,2020-02-25 17:53:35,977,50,,2
7243,2020-04-13 01:35:24,981,91,,2
7249,2020-04-09 20:26:12,981,14,,4
7252,2020-02-16 02:21:04,983,74,,2
7257,2020-04-18 03:48:05,983,195,,4
7260,2020-04-11 05:32:39,983,95,,3
7277,2020-02-19 22:18:11,992,130,,1
7280,2020-01-16 00:29:26,992,42,6.67,2
7304,2020-01-20 22:03:38,995,31,,2
7306,2020-03-22 17:57:26,995,22,,1
7319,2020-02-19 00:44:18,997,54,,1
7327,2020-02-08 02:42:56,999,85,,1
7331,2020-01-05 12:10:59,999,129,,2
7345,2020-04-18 18:49:09,1000,56,,4
7349,2020-01-05 09:37:12,1000,63,,3
7353,2020-01-27 05:51:43,1002,62,,3
7382,2020-01-31 21:59:34,1006,28,,1
7389,2020-01-13 14:31:19,1007,37,,2
7397,2020-03-01 03:39:55,1007,156,,1
7414,2020-01-30 18:57:07,1008,114,,1
7422,2020-04-10 20:43:58,1009,83,,1
7424,2020-04-10 07:04:57,1009,23,,3
7435,2020-03-18 01:13:43,1011,145,,1
7454,2020-03-19 03:06:32,1014,154,,1
7458,2020-04-04 15:03:37,1014,37,,4
7480,2020-01-18 14:02:34,1017,35,,2
7487,2020-04-03 12:51:22,1019,194,,2
7492,2020-04-01 13:49:32,1019,15,,2
7498,2020-04-02 02:50:44,1019,150,,2
7501,2020-01-28 01:51:00,1020,64,6.58,2
7515,2020-03-08 03:12:52,1023,40,,1
7532,2020-01-28 02:00:00,1027,1,4.04,2
7534,2020-03-17 19:49:11,1027,193,8.54,1
7535,2020-02-17 07:01:30,1027,29,,2
7536,2020-03-14 17:49:29,1027,139,,1
7566,2020-02-26 18:25:57,1030,143,,1
7580,2020-02-14 22:32:26,1031,60,,2
7589,2020-04-13 11:09:19,1031,70,,1
7593,2020-03-10 07:15:26,1032,49,8.41,1
7594,2020-03-25 04:05:25,1032,116,,1
7611,2020-04-09 06:31:31,1035,176,,3
7633,2020-03-15 07:16:13,1037,91,,1
7641,2020-02-12 08:56:31,1039,100,,2
7652,2020-02-06 14:31:38,1039,56,,2
7667,2020-01-17 12:20:13,1042,188,,2
7679,2020-01-09 00:04:29,1042,111,,1
7692,2020-04-01 00:56:18,1048,136,,3
7712,2020-03-15 20:46:33,1050,53,,1
7730,2020-03-11 21:01:20,1051,36,,1
7737,2020-03-25 08:26:11,1054,160,,1
7760,2020-02-01 20:06:14,1055,93,,2
7771,2020-02-13 07:38:08,1055,100,,1
7772,2020-02-18 02:23:30,1055,77,,2
7774,2020-01-31 19:25:20,1055,130,,2
7776,2020-03-21 09:26:25,1055,47,,1
7780,2020-01-14 03:35:27,1055,66,,1
7808,2020-02-14 08:45:51,1058,142,,1
7810,2020-04-14 12:55:43,1058,121,1.08,2
7811,2020-02-29 09:31:17,1058,154,,1
7851,2020-01-27 07:45:47,1062,146,,2
7876,2020-02-26 14:30:30,1065,78,7.79,2
7884,2020-01-15 07:59:02,1065,59,,2
7887,2020-03-30 06:49:58,1065,195,,1
7899,2020-01-05 07:26:57,1066,132,,1
7906,2020-01-24 05:13:01,1066,152,,1
7917,2020-03-03 00:18:48,1066,20,,1
7931,2020-02-22 02:50:37,1066,128,,2
7933,2020-01-13 23:19:31,1067,36,,2
7947,2020-01-13 10:54:56,1067,197,,1
7948,2020-02-23 04:59:18,1067,109,,2
7960,2020-02-12 15:17:43,1068,197,,2
7969,2020-02-15 03:18:35,1070,114,,2
7976,2020-03-24 23:15:49,1071,6,,1
7977,2020-02-15 09:57:42,1072,141,,2
7979,2020-03-09 13:14:34,1072,141,,1
7985,2020-02-23 19:51:13,1073,171,,1
7997,2020-04-16 12:00:21,1073,162,3.62,4
8004,2020-04-06 02:57:07,1073,47,,3
8051,2020-01-04 05:54:45,1078,10,,1
8068,2020-01-22 00:09:12,1083,155,,2
8075,2020-01-27 02:01:10,1084,16,6.69,2
8087,2020-02-07 05:52:51,1084,42,,1
8095,2020-01-29 22:01:02,1086,173,,2
8098,2020-03-08 22:17:58,1086,34,,1
8100,2020-02-11 21:20:12,1087,196,,1
8102,2020-03-12 18:53:40,1087,22,,0
8128,2020-03-07 20:28:22,1089,93,2.17,1
8153,2020-02-01 09:02:06,1093,45,,2
8205,2020-02-25 09:46:24,1101,179,,14
8217,2020-01-15 20:24:56,1104,122,,1
8223,2020-03-15 07:52:32,1105,150,,1
8238,2020-01-15 20:30:11,1109,118,,3
8239,2020-03-31 10:39:44,1109,59,,1
8252,2020-02-11 07:57:08,1109,7,,2
8253,2020-01-20 00:56:22,1109,12,,2
8266,2020-04-04 15:58:34,1109,98,,2
8289,2020-03-28 18:47:12,1114,179,,1
8293,2020-01-02 21:21:43,1115,58,,2
8329,2020-01-04 12:24:50,1117,85,,2
8335,2020-02-17 06:20:54,1118,113,,2
8336,2020-04-05 11:23:35,1118,65,,3
8337,2020-04-14 12:35:50,1118,195,,2
8341,2020-03-21 18:04:02,1119,100,,1
8346,2020-01-26 01:56:29,1119,133,6.51,2
8359,2020-04-14 09:53:15,1121,61,,3
8361,2020-02-14 14:48:47,1121,85,6.58,1
8371,2020-01-05 16:44:12,1122,11,,2
8384,2020-04-05 01:47:16,1122,193,,3
8391,2020-04-12 15:07:19,1122,168,,3
8394,2020-02-06 11:27:37,1122,21,,2
8398,2020-01-15 06:29:53,1123,22,,2
8399,2020-02-25 22:27:18,1123,69,5.15,2
8400,2020-02-17 10:59:42,1123,11,,2
8422,2020-03-14 19:53:54,1126,39,,1
8423,2020-01-04 13:31:53,1126,19,,2
8439,2020-01-18 16:43:43,1126,38,,2
8450,2020-02-20 23:21:26,1128,109,,2
8474,2020-03-14 02:11:24,1130,173,,1
8478,2020-04-04 09:52:42,1130,139,,3
8482,2020-01-05 00:05:32,1130,77,,2
8491,2020-03-25 09:17:52,1131,57,,1
8511,2020-02-28 02:52:25,1133,44,,2
8524,2020-01-16 10:49:06,1135,82,,1
8530,2020-01-17 01:04:04,1135,191,,2
8547,2020-01-27 01:27:59,1141,150,,1
8548,2020-04-03 11:14:57,1141,104,,2
8574,2020-02-12 16:10:48,1144,58,,2
8576,2020-01-26 16:02:33,1144,57,,2
8608,2020-01-13 12:01:01,1152,187,,2
8609,2020-02-24 07:37:51,1152,177,,1
8623,2020-04-05 03:57:43,1155,2,,4
8632,2020-01-25 18:01:53,1158,83,,1
8659,2020-02-04 18:04:19,1160,89,,2
8672,2020-02-17 13:30:39,1160,32,,2
8707,2020-02-03 03:21:01,1163,165,,2
8738,2020-04-15 15:32:33,1165,121,,3
8767,2020-04-15 12:30:50,1170,16,,1
8780,2020-04-11 09:09:11,1175,40,,3
8797,2020-01-29 21:34:46,1177,21,,2
8802,2020-01-01 05:48:29,1177,166,,1
8807,2020-04-17 22:55:32,1177,52,,3
8813,2020-02-11 19:36:29,1179,100,,2
8821,2020-01-30 18:57:53,1180,9,,2
8868,2020-02-06 02:22:16,1191,132,,2
8871,2020-02-08 16:13:37,1191,99,,2
8872,2020-01-08 11:17:44,1191,45,,3
8889,2020-04-10 06:41:50,1193,59,,2
8895,2020-01-04 12:44:42,1193,4,,2
8897,2020-01-06 02:43:28,1194,71,,2
8905,2020-02-03 19:46:06,1197,185,,2
8914,2020-03-15 21:14:14,1199,108,,1
8923,2020-02-13 12:43:10,1199,9,,2
8925,2020-02-22 00:49:17,1200,181,5.17,2
8953,2020-01-05 22:27:10,1202,60,,1
8954,2020-04-02 07:37:13,1202,121,,1
8956,2020-03-13 13:47:55,1202,39,,1
8981,2020-01-15 02:39:07,1203,135,7.14,2
8985,2020-02-16 07:08:15,1203,26,,1
8993,2020-03-03 02:58:10,1204,147,,1
8996,2020-04-04 20:06:03,1205,118,,2
9009,2020-01-14 05:17:07,1209,33,,2
9014,2020-02-05 16:38:25,1209,60,,1
9026,2020-01-20 02:46:10,1210,194,,2
9036,2020-02-27 06:07:51,1212,145,,2
9066,2020-01-01 21:08:19,1213,170,,3
9086,2020-03-27 07:44:53,1215,183,2.33,1
9090,2020-03-12 04:17:15,1216,183,,1
9096,2020-03-05 20:47:12,1217,146,,1
9106,2020-03-23 02:36:48,1219,41,,1
9122,2020-02-13 00:42:17,1222,93,,2
9125,2020-01-03 09:06:44,1222,6,3.12,2
9132,2020-02-19 20:24:14,1222,7,,1
9135,2020-02-20 17:04:52,1222,45,7.03,1
9140,2020-04-01 17:24:40,1225,102,,2
9144,2020-01-29 01:48:39,1225,85,,1
9153,2020-03-13 08:50:37,1225,142,,1
9166,2020-01-18 12:25:58,1226,89,,2
9168,2020-04-10 06:03:02,1226,124,,4
9169,2020-03-22 21:43:34,1226,104,,1
9184,2020-04-02 18:10:17,1227,4,,4
9185,2020-02-08 10:26:30,1227,31,,2
9186,2020-04-14 04:21:05,1227,137,,4
9194,2020-03-24 08:00:51,1228,165,,1
9195,2020-03-20 20:46:57,1228,125,,1
9212,2020-01-09 11:30:36,1229,192,,2
9215,2020-03-19 13:46:21,1229,159,,1
9225,2020-03-04 07:20:29,1230,55,,1
9241,2020-01-14 12:50:40,1232,151,,2
9242,2020-04-02 01:56:30,1232,111,,3
9250,2020-01-08 12:34:48,1232,184,2.94,2
9255,2020-04-08 23:09:58,1232,94,,3
9277,2020-01-15 21:15:00,1234,135,,2
9285,2020-01-30 10:32:00,1236,120,,3
9294,2020-02-09 13:18:57,1237,200,,2
9298,2020-01-08 07:31:13,1237,7,,2
9300,2020-01-04 21:28:53,1237,65,,2
9315,2020-01-05 18:02:10,1240,69,,2
9326,2020-02-09 09:53:27,1240,69,6.60,1
9328,2020-04-09 20:50:27,1240,87,,3
9331,2020-01-27 08:19:52,1240,60,,2
9334,2020-01-16 20:20:51,1240,115,,2
9338,2020-02-09 15:20:06,1240,101,,2
9339,2020-04-17 19:03:12,1240,195,,3
9373,2020-02-05 16:00:52,1243,126,,2
9381,2020-02-22 02:33:24,1245,37,,2
9387,2020-04-04 02:57:34,1246,193,,2
9390,2020-01-13 12:11:04,1246,160,,2
9395,2020-03-31 21:13:26,1246,196,,1
9405,2020-01-28 14:49:08,1248,48,,2
9415,2020-04-18 02:47:30,1249,88,3.83,3
9417,2020-01-29 19:26:15,1249,190,,3
9429,2020-02-27 06:27:50,1252,152,,2
9436,2020-04-08 23:09:37,1253,199,,3
9447,2020-03-30 20:23:45,1254,18,,1
9457,2020-01-03 04:58:55,1259,16,,1
9480,2020-03-08 09:04:38,1264,113,,1
9484,2020-03-21 07:27:26,1264,166,,1
9488,2020-02-06 19:42:20,1264,152,,2
9491,2020-02-10 03:08:25,1264,130,,2
9495,2020-01-03 18:00:47,1264,40,,2
9510,2020-03-30 20:21:02,1266,2,,1
9524,2020-02-29 23:39:02,1267,166,,1
9526,2020-04-08 16:32:17,1268,121,,3
9539,2020-04-08 17:08:12,1269,129,,2
9552,2020-03-10 21:59:24,1270,177,,1
9557,2020-03-08 09:34:26,1270,37,8.22,1
9564,2020-02-21 16:52:52,1270,185,3.72,2
9580,2020-04-13 11:01:04,1272,165,,3
9585,2020-03-21 13:02:03,1272,134,7.91,1
9612,2020-04-18 02:47:07,1274,118,,2
9623,2020-01-26 05:09:29,1275,6,,1
9636,2020-01-02 12:43:47,1280,14,,2
9656,2020-02-11 05:10:34,1281,123,2.78,1
9678,2020-03-16 01:22:05,1283,76,,1
9691,2020-04-14 08:29:46,1287,127,,3
9697,2020-02-08 04:54:31,1289,7,,2
9698,2020-03-02 16:04:34,1289,27,,1
9702,2020-01-17 20:44:13,1289,153,,2
9713,2020-02-26 03:30:07,1289,26,,2
9717,2020-03-27 03:07:27,1290,143,7.83,1
9719,2020-03-22 01:36:04,1290,61,,1
9731,2020-03-16 16:57:41,1290,99,,1
9746,2020-03-08 04:55:38,1294,8,,1
9757,2020-01-02 14:06:20,1294,98,,2
9761,2020-03-30 17:49:48,1294,148,,1
9762,2020-01-20 02:50:35,1294,7,,2
9764,2020-01-29 09:31:58,1295,115,,2
9784,2020-02-02 19:36:17,1297,129,,2
9793,2020-03-01 03:08:00,1298,111,,1
9797,2020-01-15 06:05:22,1298,31,,1
9798,2020-02-29 02:57:30,1298,107,7.66,2
9806,2020-01-29 00:40:58,1299,136,,2
9818,2020-01-26 13:45:10,1300,93,,2
9829,2020-04-19 02:30:54,1300,90,,2
9830,2020-01-05 14:51:53,1300,98,,1
9837,2020-03-05 16:48:28,1301,145,,1
9839,2020-03-05 13:50:26,1301,23,,1
9843,2020-01-13 05:31:08,1302,66,,2
9852,2020-03-04 16:06:40,1302,130,,1
9859,2020-03-14 03:54:55,1302,127,9.18,1
9868,2020-04-02 05:27:36,1304,75,,3
9870,2020-02-23 08:03:49,1304,177,,2
9884,2020-02-01 13:16:43,1305,99,,1
9887,2020-01-07 23:54:31,1306,160,,2
9895,2020-02-08 07:04:24,1307,40,,2
9913,2020-02-27 07:02:04,1308,162,,2
9914,2020-02-20 17:29:55,1308,182,,2
9918,2020-02-09 23:26:52,1309,82,,1
9945,2020-02-01 03:54:07,1317,116,,2
9948,2020-02-11 22:30:11,1317,177,,2
9962,2020-03-13 19:16:25,1317,190,,1
9964,2020-01-18 16:48:55,1317,9,,2
9968,2020-04-18 15:07:45,1317,90,,3
9969,2020-03-25 20:22:20,1317,98,,1
9976,2020-01-20 14:42:30,1317,7,2.27,2
9977,2020-01-02 18:23:10,1317,101,2.27,2
9980,2020-03-06 18:51:41,1319,81,,1
9986,2020-03-17 20:29:28,1319,195,,1
9996,2020-03-28 10:09:23,1319,46,2.27,1
9998,2020-01-02 13:06:57,1322,153,,2
10006,2020-03-14 14:32:25,1322,165,,1
10010,2020-04-03 02:23:00,1322,129,,2
10015,2020-02-17 18:00:56,1323,193,,2
10049,2020-01-12 23:10:46,1328,170,,1
10058,2020-04-03 08:40:44,1328,108,,2
10072,2020-02-05 22:25:16,1329,35,,2
10075,2020-04-04 03:43:51,1329,20,,4
10092,2020-03-28 15:03:09,1331,29,,1
10107,2020-03-28 04:54:39,1335,24,,1
10122,2020-03-27 07:30:14,1335,164,,1
10140,2020-03-02 09:51:27,1341,198,,1
10144,2020-02-07 08:23:05,1341,151,,1
10146,2020-02-27 05:53:20,1342,157,,2
10149,2020-02-08 10:31:55,1342,111,,2
10169,2020-01-14 19:18:40,1344,28,,2
10227,2020-03-18 22:46:23,1350,179,,1
10244,2020-01-17 14:42:21,1351,1,4.80,3
10248,2020-01-01 13:22:36,1351,150,,2
10255,2020-01-14 13:42:24,1352,141,,2
10258,2020-03-23 07:32:25,1352,187,,1
10269,2020-01-20 18:06:01,1352,10,,1
10270,2020-02-28 01:12:13,1352,98,,1
10283,2020-01-11 04:41:04,1352,76,,2
10285,2020-04-15 22:22:45,1352,123,,2
10288,2020-01-08 11:20:04,1352,99,,2
10307,2020-03-30 08:06:13,1354,48,,1
10309,2020-02-25 11:19:40,1354,91,,1
10310,2020-01-13 23:27:43,1355,165,,2
10327,2020-02-12 12:15:37,1357,115,1.62,1
10342,2020-03-08 05:48:55,1358,60,6.12,1
10349,2020-04-04 21:28:35,1358,86,,1
10350,2020-01-19 23:05:15,1358,75,,1
10373,2020-03-14 19:43:25,1366,74,,0
10385,2020-04-09 05:41:55,1368,47,,4
10388,2020-02-24 15:24:00,1368,114,,2
10400,2020-04-08 09:27:08,1370,192,,3
10415,2020-03-27 08:53:16,1375,160,,1
10420,2020-04-04 09:48:57,1375,4,,3
10426,2020-01-11 17:39:22,1375,52,,2
10432,2020-04-15 00:05:14,1377,38,,3
10433,2020-03-09 17:00:09,1377,130,,1
10444,2020-02-29 20:11:23,1377,105,,2
10455,2020-01-01 18:57:14,1378,159,,1
10470,2020-02-09 05:02:18,1380,139,,2
10473,2020-01-23 01:41:20,1380,143,,2
10481,2020-01-23 03:05:02,1381,23,8.75,2
10484,2020-01-15 16:32:12,1382,90,,2
10488,2020-03-01 00:00:03,1382,14,,1
10492,2020-04-08 18:43:28,1382,112,,3
10501,2020-03-31 08:07:25,1383,65,3.35,1
10505,2020-01-03 08:08:42,1383,129,,2
10526,2020-01-27 01:16:02,1387,55,,2
10530,2020-01-11 11:09:45,1388,35,,2
10540,2020-01-16 01:16:47,1389,149,,2
10545,2020-02-06 20:22:52,1389,38,,2
10548,2020-03-31 19:24:23,1389,128,7.43,1
10550,2020-04-14 04:04:20,1389,99,,3
10576,2020-01-21 13:43:39,1390,175,,3
10581,2020-04-08 04:53:50,1390,29,,3
10582,2020-03-25 05:47:37,1390,119,,1
10594,2020-02-16 03:47:50,1391,165,,2
10601,2020-04-12 13:22:12,1392,146,,2
10606,2020-04-06 14:25:36,1394,71,,3
10617,2020-01-03 18:21:13,1394,35,4.11,3
10619,2020-03-07 14:56:24,1395,56,,1
10622,2020-03-01 16:04:39,1395,11,,1
10630,2020-02-21 12:24:51,1395,4,,2
10631,2020-04-05 07:06:13,1395,131,,4
10634,2020-04-14 14:44:47,1395,4,,3
10648,2020-01-13 23:49:28,1398,43,,3
10651,2020-04-10 09:57:13,1398,69,,3
10652,2020-04-06 16:36:00,1401,135,,3
10655,2020-04-08 00:52:17,1401,132,2.98,2
10666,2020-03-13 06:29:06,1402,87,,1
10668,2020-04-02 04:46:42,1402,16,,3
10694,2020-01-02 20:31:05,1410,157,,2
10695,2020-02-29 06:40:24,1410,123,,2
10696,2020-02-08 09:38:21,1410,157,,1
10702,2020-03-24 13:07:59,1410,98,,1
10705,2020-02-20 11:10:37,1410,132,,2
10706,2020-01-05 08:38:30,1410,80,,2
10715,2020-03-29 03:16:42,1414,136,,1
10717,2020-01-26 18:47:24,1414,129,,20
10719,2020-04-05 05:12:59,1414,138,,3
10724,2020-03-21 11:35:08,1414,17,,1
10731,2020-01-28 21:23:56,1415,131,,1
10735,2020-02-25 12:27:38,1416,56,,1
10753,2020-04-19 11:06:17,1417,141,,4
10760,2020-01-05 22:15:12,1419,139,,2
10766,2020-03-06 00:01:25,1419,184,,1
10771,2020-03-12 11:27:34,1420,106,,1
10774,2020-04-18 18:34:58,1421,154,,3
10782,2020-02-06 01:57:12,1422,37,,1
10783,2020-01-12 21:13:43,1422,7,,2
10787,2020-02-10 08:49:51,1422,108,4.67,2
10816,2020-03-19 02:42:51,1426,199,4.38,1
10825,2020-03-21 07:19:11,1428,2,,1
10826,2020-02-11 01:38:58,1428,183,,2
10828,2020-01-01 20:39:58,1428,130,,2
10836,2020-01-23 08:33:49,1429,107,,3
10841,2020-03-22 08:48:15,1429,163,8.47,10
10848,2020-02-03 11:41:15,1429,35,,2
10850,2020-02-18 16:09:19,1429,7,3.97,2
10862,2020-04-01 14:23:44,1431,42,,2
10881,2020-03-25 19:10:54,1433,93,,1
10912,2020-02-09 00:31:17,1437,9,,2
10923,2020-01-03 15:06:07,1437,159,,2
10935,2020-01-22 01:15:48,1444,39,6.71,2
10944,2020-01-05 15:24:55,1445,59,,2
10946,2020-03-19 22:46:11,1445,189,,1
10947,2020-02-27 09:50:29,1445,196,,1
10960,2020-02-24 23:18:34,1447,99,,2
10969,2020-03-30 11:43:46,1448,59,,1
10994,2020-01-20 21:47:16,1452,65,,2
10995,2020-03-12 07:22:38,1452,65,,1
11012,2020-04-18 04:24:10,1453,55,,4
11041,2020-03-06 21:21:36,1456,187,,1
11051,2020-02-23 10:20:40,1457,76,,1
11072,2020-02-29 11:30:59,1463,15,,2
11087,2020-02-23 02:58:52,1464,7,,1
11089,2020-02-21 22:50:13,1464,149,6.07,2
11090,2020-01-02 05:07:18,1464,57,,2
11092,2020-03-24 18:44:12,1464,111,,1
11100,2020-02-08 09:01:03,1466,49,,2
11104,2020-04-11 05:31:17,1466,3,,3
11135,2020-04-19 02:35:30,1473,12,,4
11140,2020-04-16 21:58:31,1473,43,,3
11148,2020-02-09 14:18:26,1474,102,,1
11157,2020-02-08 03:47:19,1474,174,,2
11169,2020-01-28 12:21:32,1476,165,,2
11194,2020-01-10 01:09:45,1481,115,,2
11199,2020-01-31 01:43:05,1481,78,,2
11207,2020-03-25 02:58:36,1482,150,,1
11227,2020-01-23 23:52:07,1484,78,,1
11241,2020-02-22 18:30:51,1485,56,,1
11260,2020-01-20 06:57:00,1486,155,,2
11268,2020-03-19 03:48:12,1487,151,,1
11280,2020-01-18 04:01:29,1490,192,,2
11297,2020-03-14 06:00:22,1492,196,,1
11311,2020-03-14 01:02:34,1497,127,,1
11319,2020-01-12 08:32:32,1498,153,,1
11322,2020-01-13 22:47:14,1498,1,6.12,2
11326,2020-01-03 08:55:47,1499,72,,1
11328,2020-02-08 16:23:33,1499,38,,1
11358,2020-02-26 04:47:55,1502,111,,2
11360,2020-04-04 16:03:25,1502,77,7.04,3
11361,2020-01-02 16:41:44,1502,163,,2
11371,2020-02-27 12:08:41,1503,80,7.04,1
11391,2020-03-16 18:15:55,1509,31,,1
11398,2020-01-24 17:43:58,1509,122,,2
11408,2020-01-14 01:28:43,1510,45,,2
11410,2020-03-11 05:54:38,1511,192,,1
11425,2020-01-16 21:07:15,1511,168,,1
11431,2020-02-18 01:12:54,1511,103,,1
11453,2020-01-09 15:56:44,1516,4,,3
11457,2020-02-21 09:48:05,1516,67,,2
11488,2020-02-11 08:31:38,1518,100,,1
11496,2020-02-27 19:27:56,1522,90,,1
11521,2020-01-07 02:31:58,1526,172,,2
11523,2020-03-29 22:14:29,1526,196,2.87,1
11536,2020-02-24 05:20:58,1527,185,,2
11547,2020-03-02 14:33:36,1528,189,,1
11559,2020-01-31 11:55:00,1528,85,,2
11561,2020-03-07 19:16:44,1529,169,,1
11582,2020-01-27 14:22:27,1531,183,,2
11585,2020-03-07 17:38:37,1531,53,,1
11595,2020-03-07 12:17:49,1533,137,,1
11603,2020-03-05 02:16:25,1533,194,,1
11614,2020-01-28 19:29:19,1535,108,,2
11616,2020-02-03 11:34:50,1535,107,,2
11634,2020-03-07 03:27:47,1537,118,,1
11635,2020-01-10 15:01:52,1537,174,,2
11655,2020-03-15 10:53:43,1537,66,,1
11656,2020-02-02 08:48:13,1537,117,,2
11660,2020-03-14 09:20:39,1538,143,8.68,1
11664,2020-01-08 15:48:41,1538,172,,2
11677,2020-03-20 03:46:34,1541,80,,1
11678,2020-02-06 14:58:12,1541,94,,2
11697,2020-03-26 21:08:49,1545,31,,1
11698,2020-01-27 10:25:27,1545,23,,1
11703,2020-01-03 08:18:25,1545,11,,2
11705,2020-01-20 18:47:06,1547,124,,2
11715,2020-02-23 06:43:59,1548,77,7.03,2
11724,2020-01-21 16:50:00,1555,2,,2
11729,2020-02-11 04:30:31,1555,133,,2
11773,2020-01-11 21:02:10,1559,128,,2
11780,2020-03-19 18:33:42,1559,174,6.62,1
11805,2020-04-19 13:22:16,1561,176,,2
11829,2020-04-08 01:08:40,1563,61,,2
11836,2020-03-03 03:23:18,1569,1,,1
11842,2020-04-09 10:35:52,1570,136,3.09,4
11850,2020-02-28 17:28:21,1571,149,,2
11872,2020-03-14 20:23:23,1571,111,,1
11874,2020-01-29 11:14:54,1572,177,,1
11887,2020-04-15 19:03:24,1573,149,,3
11903,2020-02-22 04:43:41,1574,100,,2
11925,2020-01-07 15:02:49,1581,113,,2
11931,2020-04-17 07:41:06,1581,181,,4
11939,2020-03-13 21:04:31,1583,24,,1
11947,2020-03-09 05:23:04,1585,20,2.46,1
11948,2020-03-18 15:32:28,1585,199,,1
11950,2020-01-12 14:48:43,1585,94,,2
11972,2020-03-20 08:15:18,1585,76,8.75,1
11977,2020-02-14 14:11:25,1585,44,,2
11986,2020-03-04 22:30:43,1586,41,,1
11995,2020-04-08 07:29:24,1587,150,,4
11999,2020-02-20 18:19:01,1587,2,3.47,2
12003,2020-01-31 11:24:02,1587,187,,2
12021,2020-01-01 11:05:55,1589,184,,2
12023,2020-03-22 15:16:05,1589,92,,1
12025,2020-02-14 11:19:16,1589,111,,2
12028,2020-02-28 03:37:47,1589,87,,1
12035,2020-04-16 15:26:28,1590,176,,3
12074,2020-01-16 11:36:04,1593,3,,2
12082,2020-03-23 01:38:41,1593,170,,1
12085,2020-03-04 22:54:51,1593,42,,1
12091,2020-01-24 23:34:10,1593,191,,2
12099,2020-02-21 07:40:50,1593,89,9.12,2
12118,2020-02-05 12:32:29,1596,98,,2
12126,2020-02-24 21:00:58,1597,54,,2
12131,2020-03-23 06:25:13,1597,143,,1
12133,2020-02-18 07:58:46,1597,172,,2
12135,2020-03-17 05:28:49,1597,117,,1
12157,2020-03-27 06:24:00,1600,174,,1
12169,2020-03-24 04:04:45,1601,126,,1
12171,2020-02-11 15:50:42,1601,165,,2
12172,2020-02-25 08:36:04,1601,121,,2
12189,2020-02-20 23:35:00,1602,94,,1
12201,2020-01-23 13:29:25,1602,78,,1
12202,2020-03-30 19:18:14,1602,79,,4
12216,2020-04-13 12:24:54,1608,177,,3
12217,2020-03-24 16:48:01,1608,49,,1
12234,2020-02-14 13:18:47,1610,143,,2
12242,2020-02-17 22:53:58,1611,87,,2
12246,2020-03-14 13:32:03,1611,65,,1
12248,2020-01-08 05:17:56,1612,80,,2
12258,2020-04-14 04:58:36,1613,168,,4
12265,2020-02-02 03:03:23,1613,148,,2
12271,2020-01-14 20:18:20,1614,19,5.36,3
12277,2020-04-10 03:24:52,1616,91,,3
12284,2020-01-29 21:53:02,1616,180,5.85,1
12286,2020-02-17 07:15:29,1617,124,,1
12288,2020-02-23 07:05:08,1617,135,,1
12292,2020-03-20 06:31:35,1617,47,,0
12295,2020-04-17 21:51:45,1619,178,,2
12306,2020-03-11 14:18:28,1622,198,,1
12309,2020-01-12 19:24:46,1622,44,0.32,1
12317,2020-02-04 14:24:47,1623,53,,1
12324,2020-02-14 03:03:03,1623,167,,1
12327,2020-02-19 04:55:07,1624,66,,1
12333,2020-01-08 11:54:51,1624,149,,1
12341,2020-03-18 05:13:00,1625,191,,1
12347,2020-02-01 15:30:16,1628,42,,2
12354,2020-04-16 01:45:38,1628,65,,2
12372,2020-04-08 15:39:17,1632,2,3.57,3
12390,2020-01-22 15:41:31,1636,123,,2
12395,2020-01-24 17:55:23,1636,58,,1
12402,2020-03-13 00:39:47,1637,80,2.17,1
12416,2020-04-18 04:49:25,1637,89,,3
12426,2020-03-08 16:46:46,1640,71,,1
12427,2020-03-16 11:06:55,1640,146,,1
12428,2020-04-04 16:51:55,1640,158,,2
12429,2020-02-19 23:07:35,1640,84,,2
12436,2020-04-06 02:54:13,1640,131,,2
12447,2020-04-03 03:02:40,1641,25,,3
12449,2020-01-22 11:15:04,1642,199,,2
12453,2020-04-09 06:14:15,1642,192,,3
12456,2020-03-26 12:54:33,1642,177,,1
12462,2020-02-19 14:13:27,1642,99,,15
12467,2020-01-26 15:46:58,1644,29,,2
12476,2020-02-19 14:52:28,1649,176,,1
12479,2020-03-26 06:43:26,1650,107,,1
12485,2020-01-16 02:57:52,1651,167,,1
12487,2020-01-13 15:29:51,1651,67,,1
12532,2020-03-30 20:49:23,1654,93,,1
12541,2020-02-02 06:19:50,1656,99,,2
12561,2020-01-24 06:52:20,1657,182,4.30,2
12564,2020-03-07 23:53:22,1657,52,,1
12567,2020-01-23 00:14:42,1657,152,,3
12568,2020-02-25 18:35:18,1657,113,,2
12581,2020-03-28 20:02:40,1660,150,,1
12590,2020-01-23 05:51:47,1660,64,,2
12595,2020-01-31 19:30:35,1660,159,,1
12634,2020-03-16 00:34:26,1672,4,,1
12638,2020-02-14 03:15:51,1673,72,,1
12642,2020-01-26 11:41:13,1673,115,,2
12657,2020-04-03 18:27:09,1674,163,,2
12672,2020-04-12 05:14:11,1674,133,,2
12674,2020-04-05 23:52:36,1674,154,,3
12676,2020-01-10 01:00:05,1674,45,,2
12678,2020-01-07 08:41:23,1674,175,,2
12695,2020-03-14 16:54:40,1676,96,,1
12700,2020-04-17 21:57:13,1678,175,,3
12728,2020-03-24 22:07:02,1682,13,,1
12739,2020-02-17 17:08:03,1683,200,,1
12743,2020-02-17 18:52:19,1684,195,,1
12754,2020-01-25 15:30:44,1686,191,,2
12757,2020-01-03 03:02:20,1686,174,,2
12771,2020-01-07 02:47:26,1688,22,,1
12777,2020-03-15 07:39:21,1689,141,,1
12788,2020-04-11 15:46:33,1692,3,8.75,3
12797,2020-04-15 00:12:11,1694,94,,4
12814,2020-03-12 17:10:30,1696,97,,1
12818,2020-02-06 08:28:59,1696,78,,1
12826,2020-04-16 15:08:36,1696,197,,3
12835,2020-04-08 21:26:37,1697,103,,3
12839,2020-01-13 20:11:46,1697,189,,1
12859,2020-01-11 15:10:55,1700,166,,3
12869,2020-02-13 23:28:08,1703,21,,2
12871,2020-04-17 16:23:51,1703,192,,2
12874,2020-04-05 21:37:34,1703,139,,3
12909,2020-03-08 12:55:24,1705,141,,1
12910,2020-03-11 19:14:46,1705,132,,1
12917,2020-04-07 22:58:01,1706,137,,3
12919,2020-03-09 07:56:22,1706,157,,1
12923,2020-01-06 03:00:17,1706,179,8.69,2
12932,2020-02-01 11:10:10,1706,29,,2
12948,2020-04-09 10:15:26,1708,84,,2
12952,2020-03-02 20:47:48,1708,54,4.19,1
12960,2020-03-17 14:46:40,1709,60,,1
12966,2020-03-13 20:46:20,1710,144,9.10,1
12988,2020-03-17 13:00:05,1713,170,,1
12990,2020-02-22 21:34:22,1713,165,,1
12992,2020-01-08 22:13:47,1713,146,,2
12995,2020-03-18 04:00:14,1713,179,,1
13001,2020-04-06 15:38:18,1714,113,,3
13003,2020-02-14 19:28:10,1714,105,,1
13014,2020-04-05 23:32:23,1714,198,,4
13015,2020-01-12 04:48:35,1714,59,,2
13024,2020-02-25 04:53:15,1718,120,,2
13027,2020-02-19 22:54:01,1718,162,,2
13029,2020-01-21 18:42:52,1718,41,1.66,2
13038,2020-04-17 18:44:07,1721,39,,3
13053,2020-01-04 00:42:05,1722,108,,1
13060,2020-02-28 22:14:18,1724,147,,1
13064,2020-02-05 10:29:50,1724,200,0.39,1
13069,2020-03-23 16:17:18,1724,129,,1
13071,2020-02-21 09:57:18,1724,70,,1
13073,2020-02-26 18:52:23,1724,189,,1
13075,2020-02-15 21:55:20,1724,160,,1
13078,2020-01-02 05:02:24,1724,33,,1
13083,2020-01-28 23:28:31,1726,141,,1
13086,2020-01-25 14:02:32,1726,178,0.39,1
13089,2020-01-30 09:42:39,1726,90,,2
13092,2020-01-23 12:43:19,1726,15,,1
13104,2020-04-14 02:06:05,1727,159,6.62,2
13123,2020-04-14 13:27:56,1732,70,,2
13138,2020-03-28 19:32:31,1734,102,,1
13178,2020-01-06 22:57:04,1740,67,,1
13187,2020-01-13 14:22:29,1741,121,2.86,1
13212,2020-04-11 13:02:48,1742,26,,2
13218,2020-03-11 17:51:24,1745,2,8.17,1
13223,2020-02-07 02:14:13,1745,99,,2
13227,2020-02-29 06:38:49,1745,85,,2
13236,2020-04-11 09:02:33,1746,152,,3
13249,2020-02-18 18:10:05,1747,93,,2
13259,2020-03-26 04:44:58,1747,198,,1
13263,2020-04-12 16:21:07,1748,64,,3
13284,2020-04-12 17:14:26,1751,8,,3
13287,2020-01-25 17:30:12,1752,53,,2
13293,2020-02-29 07:23:26,1752,88,2.52,1
13323,2020-02-12 23:34:51,1755,54,,1
13346,2020-02-20 15:30:32,1759,87,,2
13361,2020-01-10 08:45:46,1760,136,,3
13371,2020-02-19 12:35:41,1761,66,,2
13385,2020-02-27 06:46:49,1762,8,,2
13388,2020-04-11 02:40:45,1762,35,,3
13389,2020-02-22 15:30:18,1762,114,,2
13392,2020-04-03 22:42:19,1762,60,,4
13396,2020-01-15 22:50:14,1762,92,,2
13405,2020-02-23 17:12:35,1764,122,,2
13406,2020-02-27 13:13:57,1764,3,,22
13424,2020-02-28 23:23:39,1766,47,,1
13430,2020-02-07 19:18:26,1771,22,,2
13446,2020-03-16 08:56:54,1774,74,,1
13457,2020-03-14 07:03:18,1774,178,,1
13470,2020-04-13 23:44:41,1776,165,,3
13500,2020-02-17 22:42:54,1781,67,,2
13514,2020-02-03 23:59:06,1782,164,,2
13524,2020-03-20 20:35:29,1782,187,,1
13529,2020-04-13 22:29:02,1784,117,,4
13541,2020-02-20 11:18:54,1785,131,,2
13553,2020-04-07 01:47:40,1785,104,,3
13557,2020-02-26 17:36:33,1786,176,,2
13558,2020-03-14 04:16:52,1786,194,8.05,1
13579,2020-03-27 10:11:05,1791,147,8.05,1
13586,2020-02-21 12:31:08,1793,124,,1
13590,2020-03-12 20:34:50,1793,92,,1
13605,2020-02-17 14:03:06,1795,29,,2
13613,2020-01-07 05:53:55,1799,4,,2
13627,2020-01-02 19:59:19,1800,89,,2
13628,2020-04-17 12:46:18,1800,5,,4
13663,2020-02-10 20:51:25,1808,37,,2
13691,2020-03-08 12:33:01,1812,149,2.40,1
13701,2020-01-29 12:11:47,1813,190,,1
13712,2020-01-31 20:26:26,1815,2,,1
13727,2020-01-19 09:28:54,1816,86,,2
13731,2020-01-16 15:25:27,1816,34,,1
13737,2020-04-15 01:06:29,1816,13,,3
13749,2020-01-21 08:51:17,1822,195,,1
13767,2020-02-13 06:09:38,1823,44,,2
13774,2020-04-17 07:10:13,1825,160,,4
13783,2020-03-30 06:10:21,1825,118,,1
13806,2020-01-09 04:57:02,1828,33,,2
13807,2020-02-17 20:39:14,1828,141,,2
13810,2020-03-12 09:22:29,1828,104,,1
13818,2020-03-26 19:58:04,1828,59,,1
13823,2020-02-02 10:25:39,1828,30,,2
13825,2020-02-19 00:25:48,1828,91,,2
13837,2020-02-05 05:07:58,1829,54,,1
13841,2020-02-23 22:06:53,1830,154,,1
13846,2020-03-10 09:17:44,1830,115,,1
13865,2020-01-03 15:27:08,1838,52,,1
13871,2020-04-05 04:17:08,1838,185,,3
13879,2020-02-22 01:37:20,1838,30,,2
13903,2020-02-17 14:58:53,1840,153,,1
13905,2020-04-13 18:21:26,1840,73,2.72,3
13916,2020-01-13 20:48:49,1841,170,,2
13924,2020-02-08 23:11:59,1843,177,,10
13927,2020-01-27 02:07:04,1843,137,,2
13929,2020-03-28 07:08:15,1843,152,,1
13934,2020-02-18 04:46:59,1844,94,,2
13937,2020-04-18 10:55:52,1844,196,,3
13955,2020-01-20 17:13:24,1844,147,,1
13958,2020-01-28 02:28:36,1848,92,3.48,3
13969,2020-01-17 15:53:47,1849,91,,3
13978,2020-03-03 21:34:01,1850,29,,1
13991,2020-02-27 11:26:36,1852,77,,1
14006,2020-03-30 07:53:46,1855,73,,1
14026,2020-03-22 19:09:04,1858,189,,1
14037,2020-01-24 06:27:26,1858,31,,2
14046,2020-04-18 09:10:15,1858,14,6.47,2
14048,2020-03-08 11:39:22,1858,6,,1
14053,2020-04-14 20:31:09,1859,132,,2
14057,2020-02-11 01:32:46,1859,189,,2
14099,2020-01-27 03:53:33,1869,191,,2
14100,2020-03-18 01:04:19,1869,164,,1
14110,2020-02-06 03:34:59,1869,76,,1
14117,2020-01-20 01:03:39,1873,62,,2
14119,2020-03-14 00:33:50,1874,67,,1
14124,2020-04-19 14:01:12,1874,126,,2
14128,2020-01-24 20:27:13,1874,62,,2
14137,2020-03-13 17:47:25,1874,148,,1
14139,2020-03-17 04:51:44,1874,19,,1
14141,2020-04-18 10:10:48,1876,130,,4
14142,2020-02-13 04:07:13,1876,38,,2
14151,2020-03-25 22:43:13,1877,86,,1
14159,2020-03-13 12:06:43,1878,48,,1
14160,2020-03-05 18:34:01,1878,130,4.91,1
14162,2020-01-10 00:04:16,1881,6,,2
14179,2020-04-10 02:02:36,1881,67,,4
14181,2020-01-21 04:53:38,1881,98,,2
14185,2020-04-15 22:21:27,1881,29,,4
14192,2020-01-13 20:57:41,1882,52,,2
14195,2020-04-16 23:19:06,1882,121,,4
14196,2020-02-17 19:01:19,1882,16,9.58,2
14197,2020-03-15 02:45:18,1882,137,,1
14206,2020-01-28 19:50:02,1882,120,,3
14212,2020-04-11 17:54:42,1882,109,,3
14220,2020-02-10 14:19:11,1886,131,,2
14225,2020-03-15 04:33:04,1886,7,,1
14228,2020-02-21 19:55:43,1886,36,8.06,2
14236,2020-03-19 14:35:00,1888,72,,1
14254,2020-03-23 10:52:17,1895,174,3.56,1
14262,2020-01-10 09:48:06,1896,177,,1
14285,2020-01-17 12:15:11,1901,200,3.69,3
14289,2020-01-08 03:31:41,1901,186,8.19,3
14294,2020-04-14 16:26:44,1902,141,,3
14301,2020-04-04 19:35:48,1902,11,3.23,3
14304,2020-03-23 10:44:51,1902,42,,1
14314,2020-02-05 01:30:44,1903,57,,1
14315,2020-01-13 09:47:37,1905,84,,2
14356,2020-04-10 13:27:50,1908,79,,3
14365,2020-03-09 01:03:24,1909,60,,1
14377,2020-03-14 13:33:49,1909,134,,1
14378,2020-03-10 00:03:37,1909,84,,1
14380,2020-03-07 10:08:44,1909,45,,1
14381,2020-01-11 13:14:37,1909,42,,1
14386,2020-01-19 01:56:00,1910,39,,2
14389,2020-01-05 04:48:19,1910,84,,1
14398,2020-03-06 23:40:20,1911,83,,1
14413,2020-03-09 13:52:53,1913,14,6.31,1
14424,2020-01-09 14:52:39,1913,199,,2
14435,2020-02-12 06:31:08,1915,192,,2
14436,2020-02-16 10:01:18,1915,157,,2
14444,2020-01-15 17:18:50,1915,89,,2
14467,2020-02-15 00:13:30,1924,118,,2
14479,2020-01-24 12:14:23,1926,96,,2
14481,2020-02-24 21:18:04,1926,52,,2
14483,2020-02-01 08:22:09,1926,135,,2
14499,2020-02-20 01:10:51,1929,118,,1
14501,2020-04-16 16:17:32,1929,7,,3
14507,2020-01-23 20:42:25,1930,100,,2
14517,2020-02-05 11:02:02,1932,134,2.47,2
14529,2020-03-05 06:59:06,1932,55,,1
14532,2020-02-07 18:07:10,1932,180,,2
14555,2020-01-26 14:28:58,1942,87,,2
14565,2020-02-19 17:39:54,1945,47,,2
14566,2020-03-27 13:36:42,1945,144,,1
14568,2020-04-08 08:18:01,1945,34,,3
14569,2020-03-09 16:05:54,1945,121,,1
14571,2020-01-07 00:35:19,1945,1,,2
14579,2020-01-05 20:22:16,1945,42,,2
14581,2020-03-01 12:38:11,1945,129,,1
14588,2020-02-05 06:43:45,1945,113,,1
14590,2020-03-25 01:51:23,1946,140,,1
14600,2020-02-26 01:44:16,1947,74,7.35,1
14608,2020-02-12 23:28:56,1948,103,,1
14622,2020-02-16 22:21:56,1950,83,,1
14625,2020-03-13 18:42:47,1951,14,,1
14655,2020-02-21 17:58:29,1958,144,,2
14657,2020-01-03 23:51:24,1960,118,,2
14660,2020-03-20 13:45:47,1960,14,,1
14662,2020-02-21 19:41:02,1960,107,,2
14679,2020-02-10 14:21:46,1962,52,,1
14682,2020-04-03 16:12:41,1962,82,,4
14706,2020-01-24 11:09:09,1965,138,,2
14707,2020-01-14 20:07:15,1965,17,,2
14727,2020-01-03 09:01:21,1967,191,,2
14744,2020-02-24 11:08:06,1968,140,,1
14747,2020-04-14 03:12:18,1968,96,,3
14751,2020-03-26 01:40:37,1969,115,,1
14766,2020-02-10 18:30:34,1970,70,,2
14774,2020-02-21 23:13:03,1972,75,1.54,1
14779,2020-04-07 05:40:49,1972,51,,1
14801,2020-04-09 04:51:16,1974,12,,1
14823,2020-01-24 13:41:30,1975,77,8.41,2
14830,2020-04-01 20:01:54,1976,151,,4
14834,2020-03-14 20:37:37,1976,191,,1
14838,2020-02-13 13:30:13,1976,146,,1
14855,2020-04-17 11:46:14,1981,184,,2
14865,2020-04-02 04:40:31,1982,135,,3
14870,2020-02-04 02:18:08,1982,56,,2
14876,2020-02-06 07:28:30,1984,133,,1
14892,2020-01-22 14:25:40,1986,144,7.60,2
14901,2020-02-26 01:24:05,1989,102,3.68,2
14902,2020-03-11 15:20:19,1990,67,,1
14908,2020-04-04 20:34:44,1990,103,,3
14921,2020-01-12 02:30:55,1992,89,,2
14928,2020-02-20 21:05:18,1992,78,,2
14932,2020-04-05 03:26:23,1996,174,,2
14957,2020-01-10 18:07:59,1997,17,,1
14968,2020-01-24 19:53:28,2001,20,,1
14987,2020-03-11 22:55:14,2009,123,6.45,1
14993,2020-03-06 14:06:15,2011,114,,1
15030,2020-01-02 20:51:34,2019,25,,1
15032,2020-01-02 01:29:51,2019,64,5.23,1
15033,2020-02-26 22:04:03,2019,31,,1
15034,2020-01-15 06:36:59,2019,14,5.23,2
15039,2020-03-16 05:54:55,2021,86,,1
15041,2020-02-13 02:13:51,2021,90,,1
15052,2020-02-20 15:31:40,2026,14,,1
15056,2020-02-13 07:44:40,2026,36,,2
15058,2020-02-10 23:15:40,2026,59,,2
15065,2020-01-25 04:14:17,2027,88,,1
15071,2020-02-23 01:53:54,2028,197,,2
15088,2020-01-22 16:45:20,2028,31,,1
15092,2020-01-15 15:49:24,2028,2,,1
15110,2020-03-31 09:22:01,2031,9,1.28,1
15133,2020-03-03 05:49:55,2035,91,,0
15134,2020-04-18 05:09:09,2035,171,,1
15172,2020-03-10 13:17:51,2037,150,,1
15179,2020-01-11 03:35:38,2037,105,,2
15194,2020-03-29 21:15:10,2038,132,,1
15201,2020-04-12 03:54:49,2039,58,,3
15202,2020-03-01 18:46:22,2039,82,,1
15229,2020-02-14 00:49:46,2046,175,,1
15230,2020-02-22 01:53:57,2046,114,,1
15240,2020-01-24 14:06:47,2047,17,,2
15250,2020-03-16 22:12:37,2049,95,,1
15271,2020-02-06 11:25:50,2051,59,,2
15274,2020-01-18 12:13:54,2051,146,,2
15295,2020-01-16 23:51:49,2052,6,,2
15298,2020-01-29 19:29:09,2052,55,,2
15299,2020-01-29 19:23:01,2052,157,,1
15309,2020-01-27 01:22:05,2052,140,,2
15314,2020-04-11 18:31:36,2053,195,,2
15320,2020-03-22 11:10:11,2055,195,1.82,1
15322,2020-02-09 08:49:04,2055,64,,1
15337,2020-02-14 17:40:08,2056,6,,1
15344,2020-01-11 01:56:20,2057,137,,2
15350,2020-04-17 13:42:04,2058,58,,2
15352,2020-01-10 17:03:49,2058,59,,2
15354,2020-02-29 07:41:21,2061,18,,1
15362,2020-03-10 05:35:24,2062,152,,1
15366,2020-03-18 09:46:09,2062,109,,1
15372,2020-02-15 08:56:27,2064,52,2.73,2
15380,2020-02-04 03:30:55,2065,162,,1
15392,2020-02-02 09:48:57,2066,122,,1
15393,2020-04-05 01:25:19,2066,143,,3
15399,2020-03-01 05:44:52,2066,60,,1
15485,2020-04-06 17:15:24,2077,51,,4
15486,2020-02-10 02:49:36,2078,26,,2
15496,2020-03-19 01:02:51,2078,99,,1
15514,2020-03-31 17:03:24,2082,118,,1
15528,2020-03-16 22:50:03,2084,10,,1
15536,2020-03-16 11:39:27,2084,48,,1
15539,2020-02-23 11:18:07,2084,196,,1
15541,2020-01-04 14:32:05,2084,115,,2
15542,2020-03-29 00:57:20,2084,89,,1
15548,2020-01-21 22:45:21,2086,160,,2
15552,2020-03-22 02:46:46,2086,104,,1
15561,2020-02-15 16:23:12,2088,68,,2
15562,2020-02-22 05:08:24,2088,166,,2
15573,2020-03-29 00:53:38,2088,143,,1
15593,2020-02-16 14:55:52,2094,104,,2
15609,2020-03-08 13:29:25,2095,113,,1
15610,2020-02-02 16:35:00,2095,94,,2
15612,2020-02-14 20:58:39,2095,193,,2
15620,2020-01-22 03:54:16,2096,70,,1
15638,2020-02-03 16:50:24,2098,142,,2
15639,2020-03-26 13:56:17,2098,100,,1
15643,2020-01-10 19:28:07,2098,75,,1
15656,2020-04-14 15:49:54,2099,97,,3
15679,2020-01-22 01:41:37,2100,102,,2
15689,2020-02-14 14:11:57,2102,99,,1
15697,2020-04-13 12:52:36,2105,1,,2
15698,2020-03-25 17:31:07,2105,86,,1
15707,2020-03-12 21:11:18,2107,199,,1
15710,2020-04-10 11:14:19,2108,3,,2
15716,2020-02-12 23:07:20,2108,83,,1
15728,2020-02-06 05:41:34,2110,22,,1
15730,2020-04-16 06:32:57,2110,123,,2
15734,2020-02-05 19:12:23,2110,170,,2
15743,2020-03-03 07:28:22,2111,186,,1
15745,2020-02-16 13:50:06,2112,39,,2
15747,2020-03-02 12:40:50,2112,21,4.02,1
15748,2020-03-05 19:14:57,2112,137,,1
15759,2020-01-21 14:26:26,2112,197,,2
15771,2020-01-26 07:31:04,2113,159,,2
15776,2020-01-26 07:09:49,2113,73,,1
15789,2020-03-25 14:05:23,2115,108,,1
15803,2020-02-19 16:20:04,2116,63,,1
15811,2020-03-18 08:25:56,2116,133,3.44,1
15812,2020-04-09 14:55:40,2116,186,,4
15829,2020-03-06 13:58:52,2118,73,,1
15833,2020-03-13 06:40:46,2118,191,,1
15835,2020-03-05 16:28:34,2118,86,,1
15842,2020-02-05 07:47:24,2118,166,3.44,1
15850,2020-02-19 14:59:23,2118,161,,1
15855,2020-04-11 07:55:16,2118,38,,2
15859,2020-03-01 20:21:17,2119,20,,1
15865,2020-02-11 22:20:07,2119,59,,1
15886,2020-01-20 16:23:21,2122,60,,1
15894,2020-02-17 16:06:47,2122,29,,1
15908,2020-03-13 18:59:16,2123,9,,1
15912,2020-02-18 12:18:49,2123,106,7.34,2
15916,2020-03-21 04:52:35,2123,47,,1
15917,2020-02-08 20:35:54,2123,92,,2
15929,2020-03-10 20:26:51,2125,180,,1
15956,2020-02-10 08:14:18,2127,26,,2
15960,2020-02-24 08:16:59,2128,50,,1
15964,2020-02-05 12:52:34,2128,145,7.61,1
15966,2020-02-18 23:55:05,2130,3,,1
15972,2020-01-26 21:52:16,2130,19,,2
15980,2020-02-25 11:13:29,2132,151,,1
15981,2020-03-03 03:58:27,2132,29,,1
15982,2020-04-08 15:37:34,2132,20,,3
15985,2020-03-13 20:45:20,2133,194,,1
15987,2020-01-17 23:28:26,2133,55,,2
16005,2020-04-18 03:03:29,2135,128,,3
16009,2020-01-23 11:30:10,2135,182,,1
16012,2020-01-15 13:00:38,2135,190,,2
16013,2020-01-06 06:46:37,2135,16,,1
16017,2020-01-15 03:32:35,2135,66,,2
16026,2020-02-12 19:03:39,2136,109,,1
16037,2020-04-16 08:34:26,2138,43,,2
16055,2020-02-09 11:25:11,2138,150,,1
16072,2020-02-17 22:30:08,2139,157,,2
16083,2020-01-02 08:36:36,2140,72,,2
16093,2020-02-16 00:00:26,2141,85,,2
16094,2020-02-29 17:03:41,2141,123,,2
16114,2020-03-24 20:04:34,2146,141,,1
16120,2020-03-16 15:54:00,2146,152,,1
16122,2020-04-19 02:40:45,2148,195,,2
16125,2020-04-12 00:35:31,2148,199,,2
16126,2020-01-23 23:35:22,2148,26,,2
16146,2020-01-22 19:01:47,2150,112,,2
16148,2020-04-09 04:39:00,2150,9,,4
16159,2020-03-25 11:09:05,2152,85,4.40,1
16185,2020-03-12 19:46:41,2159,61,,1
16205,2020-02-21 09:58:20,2161,20,,1
16206,2020-03-29 10:38:40,2161,139,,1
16208,2020-04-14 23:40:35,2161,121,,3
16233,2020-04-13 14:05:06,2167,179,,1
16234,2020-03-03 12:52:19,2167,111,,0
16235,2020-04-07 20:55:07,2167,72,,2
16244,2020-03-02 02:48:39,2169,65,,1
16249,2020-02-02 03:42:05,2169,27,,2
16250,2020-01-27 03:52:31,2169,109,,2
16260,2020-03-11 12:52:18,2169,128,,1
16269,2020-04-06 16:08:34,2169,94,,3
16303,2020-03-25 10:02:58,2171,71,,1
16307,2020-04-18 06:32:29,2172,126,,3
16327,2020-02-25 23:49:55,2174,167,,2
16330,2020-03-09 20:27:16,2175,193,,1
16345,2020-03-05 02:59:09,2175,40,,1
16371,2020-04-03 18:20:48,2179,8,,2
16378,2020-02-15 17:46:55,2179,74,,1
16392,2020-03-25 22:01:38,2179,154,,1
16405,2020-04-08 15:36:03,2180,5,,3
16441,2020-01-30 11:39:19,2186,199,,1
16473,2020-04-09 02:44:31,2191,187,,2
16478,2020-02-26 21:20:30,2191,161,,2
16479,2020-01-20 02:38:55,2192,168,,2
16481,2020-04-02 02:02:19,2192,6,,3
16489,2020-01-13 21:33:14,2194,105,,2
16491,2020-03-21 20:31:37,2194,77,,1
16503,2020-03-03 02:25:11,2194,141,,1
16505,2020-01-26 16:09:50,2194,141,,2
16507,2020-01-04 19:50:10,2197,85,,2
16510,2020-02-13 01:04:43,2199,150,,2
16518,2020-03-10 11:45:20,2200,25,,1
16522,2020-03-03 19:15:11,2200,1,,1
16534,2020-02-29 22:25:35,2200,103,8.19,2
16540,2020-04-05 18:09:31,2203,129,,3
16548,2020-01-29 03:41:41,2203,177,,2
16549,2020-04-07 04:17:59,2203,124,,4
16589,2020-02-20 10:45:51,2207,87,,1
16650,2020-02-21 18:20:22,2214,104,,2
16665,2020-01-18 01:08:01,2216,51,7.65,2
16666,2020-04-10 06:19:28,2216,145,,2
16692,2020-03-25 10:30:43,2218,180,,1
16697,2020-02-10 01:03:39,2218,157,,2
16698,2020-02-28 20:18:38,2218,23,,1
16700,2020-02-10 01:58:16,2218,106,,2
16702,2020-01-26 02:18:51,2218,199,,2
16714,2020-03-08 14:18:44,2219,110,,1
16719,2020-02-27 05:17:31,2220,35,,2
16720,2020-03-15 18:30:38,2220,10,,1
16725,2020-04-10 01:04:44,2222,181,6.94,3
16727,2020-04-08 09:33:04,2222,169,,3
16741,2020-04-15 22:43:32,2224,126,,2
16758,2020-02-11 04:32:32,2224,106,,2
16776,2020-01-30 08:39:37,2227,165,,2
16781,2020-02-01 15:39:20,2230,72,,2
16782,2020-03-13 11:37:04,2230,18,,1
16790,2020-02-03 09:08:52,2232,158,,1
16792,2020-02-24 21:23:55,2232,58,5.61,1
16800,2020-02-11 09:18:04,2236,21,3.09,2
16805,2020-01-10 06:00:19,2236,103,,2
16826,2020-03-11 09:25:12,2237,197,,1
16828,2020-01-22 18:33:45,2239,169,,2
16832,2020-02-03 07:47:51,2239,171,,2
16840,2020-04-18 10:01:41,2244,2,8.53,3
16843,2020-04-03 12:23:03,2244,170,,3
16860,2020-04-04 11:49:40,2245,148,,4
16861,2020-02-14 11:01:09,2245,17,,2
16865,2020-01-17 00:33:36,2246,141,8.53,3
16907,2020-02-18 19:30:10,2251,91,,2
16921,2020-01-20 00:40:59,2253,171,,3
16922,2020-02-14 10:12:46,2253,132,,2
16946,2020-02-11 15:07:53,2257,11,,2
16948,2020-02-22 20:54:38,2258,78,7.62,2
16954,2020-01-11 14:55:38,2258,20,,2
16956,2020-02-07 12:37:14,2258,97,,2
16960,2020-02-21 07:57:25,2259,44,,1
16966,2020-01-15 00:07:24,2263,120,,2
16996,2020-02-04 05:58:25,2267,142,,2
16998,2020-01-14 19:13:45,2267,154,,2
17017,2020-01-23 06:40:33,2270,69,,3
17019,2020-01-25 13:19:50,2271,16,,2
17023,2020-01-16 04:11:19,2271,165,,1
17046,2020-03-04 05:16:59,2272,109,,1
17049,2020-04-03 17:06:58,2273,162,,3
17071,2020-01-27 02:08:11,2275,108,,2
17110,2020-01-09 02:08:29,2277,102,,2
17140,2020-04-13 01:24:54,2284,193,,3
17158,2020-02-08 07:21:14,2285,69,,1
17162,2020-01-12 10:43:57,2286,115,,2
17166,2020-02-03 11:41:42,2286,73,0.52,2
17176,2020-02-15 17:36:52,2286,94,,1
17179,2020-01-20 04:34:23,2287,41,,1
17187,2020-01-25 08:52:49,2287,10,,1
17217,2020-04-11 07:27:27,2290,174,,2
17228,2020-02-13 01:39:29,2292,144,3.39,1
17231,2020-04-10 04:26:29,2293,25,,3
17264,2020-01-04 01:53:12,2298,159,,2
17266,2020-03-02 06:07:38,2298,90,,1
17270,2020-02-06 02:47:21,2298,96,,1
17294,2020-03-10 04:48:19,2299,123,,1
17310,2020-04-01 13:50:20,2300,67,,2
17311,2020-03-10 17:37:27,2304,157,,1
17312,2020-03-31 22:46:54,2304,196,,0
17322,2020-01-19 21:08:59,2307,15,,2
17348,2020-03-31 16:29:30,2310,61,4.07,1
17349,2020-03-21 09:28:54,2310,143,,1
17357,2020-01-28 17:58:22,2311,32,,2
17358,2020-01-30 16:27:13,2311,35,,2
17375,2020-02-29 22:35:10,2317,164,,1
17377,2020-04-12 00:46:03,2317,135,,4
17378,2020-03-07 07:39:56,2317,23,,1
17382,2020-04-05 03:02:00,2317,36,,2
17385,2020-01-13 04:01:09,2317,191,4.07,3
17394,2020-03-14 09:11:27,2320,171,3.96,1
17401,2020-02-03 02:48:29,2321,31,,1
17409,2020-02-29 00:09:34,2324,8,,2
17440,2020-01-18 16:22:53,2327,156,,3
17452,2020-02-21 12:13:37,2328,98,,2
17457,2020-01-27 09:48:44,2329,121,,3
17460,2020-02-16 20:35:29,2329,189,,2
17471,2020-02-08 22:58:44,2333,186,,2
17478,2020-04-04 07:18:09,2335,175,,2
17492,2020-03-15 09:07:23,2335,73,,1
17498,2020-01-24 04:01:34,2336,123,,2
17513,2020-02-21 12:31:10,2339,74,,2
17515,2020-01-12 22:24:21,2339,171,,2
17518,2020-01-09 09:50:02,2340,152,,2
17521,2020-02-06 06:11:50,2340,30,,2
17526,2020-03-09 15:58:50,2340,151,,1
17528,2020-02-21 03:24:45,2340,86,,2
17546,2020-04-10 20:14:45,2341,31,,3
17549,2020-03-13 00:18:47,2342,180,,1
17553,2020-02-10 15:35:42,2342,153,,1
17567,2020-02-06 10:30:40,2344,121,,2
17598,2020-02-27 16:45:48,2347,177,,2
17613,2020-03-14 09:01:05,2347,99,,1
17617,2020-01-23 20:07:04,2348,67,,1
17623,2020-02-07 22:18:47,2348,186,,1
17664,2020-01-28 20:54:19,2351,68,,2
17674,2020-01-09 12:51:44,2352,148,,2
17676,2020-01-09 09:53:32,2352,123,,2
17706,2020-03-06 16:10:10,2358,200,,1
17712,2020-04-06 12:33:13,2361,116,,2
17718,2020-02-13 01:41:21,2362,123,,1
17722,2020-03-25 22:19:44,2362,113,0.34,0
17726,2020-01-20 18:40:51,2363,25,,1
17733,2020-03-12 20:56:35,2364,124,,1
17742,2020-02-13 14:27:48,2364,17,4.84,1
17743,2020-01-31 14:29:18,2364,22,,1
17757,2020-01-21 23:36:37,2365,181,,1
17758,2020-02-02 12:21:27,2365,181,,1
17761,2020-02-24 00:18:33,2365,48,,1
17763,2020-02-16 13:56:46,2365,86,,2
17765,2020-01-08 20:44:09,2366,170,,2
17766,2020-01-02 06:56:14,2366,3,,23
17787,2020-02-17 02:47:05,2367,146,,1
17788,2020-04-18 06:05:09,2367,55,,2
17802,2020-04-11 17:56:00,2371,33,,2
17818,2020-02-10 11:59:01,2372,130,,1
17819,2020-03-21 23:00:47,2372,60,,1
17846,2020-01-20 23:48:18,2372,13,,2
17851,2020-03-13 21:32:11,2375,143,7.60,1
17854,2020-02-14 12:36:00,2375,199,,2
17899,2020-02-02 14:00:10,2380,52,,1
17902,2020-01-29 01:29:53,2381,5,,3
17915,2020-03-17 21:57:24,2384,109,8.47,10
17918,2020-01-23 08:55:36,2384,93,,3
17924,2020-03-19 16:31:39,2384,119,,1
17930,2020-01-25 23:23:30,2386,190,,2
17937,2020-04-08 06:27:12,2386,146,,3
17942,2020-03-07 17:47:05,2386,113,,1
17970,2020-02-20 00:47:20,2388,77,,1
17993,2020-03-05 19:18:17,2391,25,,1
17994,2020-03-10 06:48:55,2391,72,,1
18005,2020-01-14 21:07:27,2392,175,2.75,1
18010,2020-01-16 21:08:36,2392,172,,2
18015,2020-04-16 18:18:04,2392,66,,3
18019,2020-03-10 08:09:41,2393,135,,1
18029,2020-03-03 12:42:19,2393,104,,1
18047,2020-02-08 12:51:01,2394,71,,2
18050,2020-03-18 23:19:51,2394,169,,1
18051,2020-04-17 04:37:03,2394,200,,3
18057,2020-04-16 20:51:52,2394,23,,3
18061,2020-01-13 05:51:23,2396,121,,2
18065,2020-03-08 10:31:09,2396,180,,1
18071,2020-03-05 10:01:23,2397,69,,1
18079,2020-03-21 12:22:44,2397,140,,1
18081,2020-03-06 19:56:52,2397,2,9.30,1
18092,2020-03-03 10:24:11,2400,191,,1
18100,2020-03-09 16:39:18,2400,77,,0
18106,2020-02-23 12:23:09,2405,114,,1
18110,2020-02-14 19:10:50,2405,108,,1
18141,2020-04-09 06:36:23,2408,124,,3
18147,2020-01-28 03:44:16,2408,32,,3
18152,2020-02-05 04:08:33,2408,96,,2
18157,2020-01-14 15:01:42,2411,130,,2
18164,2020-02-16 06:09:36,2412,179,,1
18165,2020-01-10 15:47:08,2412,27,,2
18186,2020-02-23 07:38:25,2413,69,,2
18189,2020-01-13 21:05:20,2414,137,,1
18191,2020-02-28 21:21:51,2414,130,,1
18209,2020-02-29 07:57:29,2417,75,,1
18211,2020-04-16 10:38:39,2417,105,,3
18212,2020-04-02 06:43:43,2417,171,,3
18218,2020-03-30 03:59:09,2419,101,,1
18222,2020-01-24 20:57:46,2419,26,,2
18244,2020-01-18 13:05:27,2426,168,,2
18251,2020-01-26 01:00:50,2428,127,6.52,1
18259,2020-03-17 17:12:07,2428,91,,1
18271,2020-04-17 07:39:42,2430,49,,2
18273,2020-03-08 06:25:11,2430,192,,1
18276,2020-02-01 00:45:51,2432,170,,2
18279,2020-01-12 18:39:30,2432,83,,2
18282,2020-02-10 23:37:36,2432,177,,1
18289,2020-02-07 03:53:43,2434,94,,2
18291,2020-01-15 08:24:37,2434,117,,3
18292,2020-04-14 00:50:43,2434,147,,4
18294,2020-02-29 14:44:39,2434,102,,2
18302,2020-01-03 16:19:53,2436,194,,2
18319,2020-01-30 21:59:37,2440,8,,2
18324,2020-03-13 00:11:48,2440,167,,1
18332,2020-03-04 08:08:37,2440,153,,1
18356,2020-03-06 01:14:09,2446,141,,1
18369,2020-03-02 11:02:18,2446,88,,1
18381,2020-03-04 10:18:27,2447,41,10.00,1
18396,2020-01-18 05:45:57,2450,127,,3
18424,2020-01-27 21:01:12,2451,80,,1
18431,2020-01-16 14:40:15,2451,82,,1
18451,2020-04-02 00:39:01,2453,116,,3
18463,2020-01-13 00:52:24,2455,10,,2
18472,2020-04-11 13:42:47,2457,142,,3
18482,2020-01-17 02:44:57,2458,132,,2
18485,2020-03-18 14:34:00,2458,55,,1
18490,2020-03-31 09:22:55,2458,198,,1
18502,2020-02-01 06:55:44,2459,58,9.35,2
18522,2020-03-17 21:50:37,2462,4,1.52,1
18525,2020-01-14 08:16:38,2462,121,,1
18539,2020-01-25 18:48:00,2463,176,,2
18542,2020-02-10 17:23:18,2463,102,,2
18549,2020-04-07 17:24:04,2463,59,,3
18554,2020-04-06 20:45:45,2464,148,,2
18562,2020-04-10 20:15:32,2468,181,1.52,1
18590,2020-02-25 17:41:22,2473,76,,1
18618,2020-01-15 14:01:50,2477,13,,2
18625,2020-03-16 19:38:07,2478,115,,1
18629,2020-01-22 13:20:56,2478,74,,3
18633,2020-01-02 07:04:32,2478,116,,2
18663,2020-03-23 14:10:08,2484,108,,1
18669,2020-03-02 02:41:14,2484,95,,1
18673,2020-03-27 08:17:19,2487,188,,1
18675,2020-01-25 12:25:10,2487,33,,2
18719,2020-04-18 02:49:49,2496,57,,3
18722,2020-03-19 07:48:02,2496,77,1.93,1
18733,2020-02-16 11:55:07,2497,40,,1
18760,2020-03-28 10:12:06,2500,138,,1
